"eta_setting","rep","method","seconds"
0.4,1,"Naive Method (ADVI)",19.385
0.4,1,"Proposed Method (ADVI)",18.897
0.4,2,"Naive Method (ADVI)",0.222000000000001
0.4,2,"Proposed Method (ADVI)",0.231999999999999
0.4,3,"Naive Method (ADVI)",0.201
0.4,3,"Proposed Method (ADVI)",0.231000000000002
0.4,4,"Naive Method (ADVI)",0.215000000000003
0.4,4,"Proposed Method (ADVI)",0.231000000000002
0.4,5,"Naive Method (ADVI)",0.199000000000005
0.4,5,"Proposed Method (ADVI)",0.230000000000004
0.4,6,"Naive Method (ADVI)",0.201999999999998
0.4,6,"Proposed Method (ADVI)",0.230000000000004
0.4,7,"Naive Method (ADVI)",0.214000000000006
0.4,7,"Proposed Method (ADVI)",0.228999999999999
0.4,8,"Naive Method (ADVI)",0.214999999999996
0.4,8,"Proposed Method (ADVI)",0.229999999999997
0.4,9,"Naive Method (ADVI)",0.199000000000005
0.4,9,"Proposed Method (ADVI)",0.230000000000004
0.4,10,"Naive Method (ADVI)",0.213000000000001
0.4,10,"Proposed Method (ADVI)",0.229000000000006
0.4,11,"Naive Method (ADVI)",0.213999999999999
0.4,11,"Proposed Method (ADVI)",0.229999999999997
0.4,12,"Naive Method (ADVI)",0.198
0.4,12,"Proposed Method (ADVI)",0.231999999999999
0.4,13,"Naive Method (ADVI)",0.198
0.4,13,"Proposed Method (ADVI)",0.247
0.4,14,"Naive Method (ADVI)",0.214999999999996
0.4,14,"Proposed Method (ADVI)",0.227999999999994
0.4,15,"Naive Method (ADVI)",0.200000000000003
0.4,15,"Proposed Method (ADVI)",0.229000000000006
0.4,16,"Naive Method (ADVI)",0.198999999999998
0.4,16,"Proposed Method (ADVI)",0.230999999999995
0.4,17,"Naive Method (ADVI)",0.214000000000006
0.4,17,"Proposed Method (ADVI)",0.228999999999999
0.4,18,"Naive Method (ADVI)",0.213000000000001
0.4,18,"Proposed Method (ADVI)",0.229000000000006
0.4,19,"Naive Method (ADVI)",0.213000000000001
0.4,19,"Proposed Method (ADVI)",0.232999999999997
0.4,20,"Naive Method (ADVI)",0.198999999999998
0.4,20,"Proposed Method (ADVI)",0.231000000000002
0.4,21,"Naive Method (ADVI)",0.213000000000001
0.4,21,"Proposed Method (ADVI)",0.230000000000004
0.4,22,"Naive Method (ADVI)",0.198999999999998
0.4,22,"Proposed Method (ADVI)",0.230000000000004
0.4,23,"Naive Method (ADVI)",0.213999999999999
0.4,23,"Proposed Method (ADVI)",0.230000000000004
0.4,24,"Naive Method (ADVI)",0.201
0.4,24,"Proposed Method (ADVI)",0.231000000000002
0.4,25,"Naive Method (ADVI)",0.214999999999996
0.4,25,"Proposed Method (ADVI)",0.230000000000004
0.4,26,"Naive Method (ADVI)",0.213999999999999
0.4,26,"Proposed Method (ADVI)",0.230000000000004
0.4,27,"Naive Method (ADVI)",0.213000000000001
0.4,27,"Proposed Method (ADVI)",0.232999999999997
0.4,28,"Naive Method (ADVI)",0.198999999999998
0.4,28,"Proposed Method (ADVI)",0.229999999999997
0.4,29,"Naive Method (ADVI)",0.199000000000005
0.4,29,"Proposed Method (ADVI)",0.228999999999999
0.4,30,"Naive Method (ADVI)",0.215000000000003
0.4,30,"Proposed Method (ADVI)",0.229000000000006
0.4,31,"Naive Method (ADVI)",0.198999999999998
0.4,31,"Proposed Method (ADVI)",0.228999999999999
0.4,32,"Naive Method (ADVI)",0.198999999999998
0.4,32,"Proposed Method (ADVI)",0.234000000000002
0.4,33,"Naive Method (ADVI)",0.201
0.4,33,"Proposed Method (ADVI)",0.229999999999997
0.4,34,"Naive Method (ADVI)",0.212999999999994
0.4,34,"Proposed Method (ADVI)",0.230999999999995
0.4,35,"Naive Method (ADVI)",0.216999999999999
0.4,35,"Proposed Method (ADVI)",0.230000000000004
0.4,36,"Naive Method (ADVI)",0.212999999999994
0.4,36,"Proposed Method (ADVI)",0.230000000000004
0.4,37,"Naive Method (ADVI)",0.215999999999994
0.4,37,"Proposed Method (ADVI)",0.231000000000009
0.4,38,"Naive Method (ADVI)",0.216000000000008
0.4,38,"Proposed Method (ADVI)",0.228999999999999
0.4,39,"Naive Method (ADVI)",0.213000000000008
0.4,39,"Proposed Method (ADVI)",0.228999999999999
0.4,40,"Naive Method (ADVI)",0.199000000000012
0.4,40,"Proposed Method (ADVI)",0.228999999999999
0.4,41,"Naive Method (ADVI)",0.215000000000003
0.4,41,"Proposed Method (ADVI)",0.230000000000004
0.4,42,"Naive Method (ADVI)",0.201000000000008
0.4,42,"Proposed Method (ADVI)",0.230999999999995
0.4,43,"Naive Method (ADVI)",0.213999999999999
0.4,43,"Proposed Method (ADVI)",0.230000000000004
0.4,44,"Naive Method (ADVI)",0.214999999999989
0.4,44,"Proposed Method (ADVI)",0.231000000000009
0.4,45,"Naive Method (ADVI)",0.212999999999994
0.4,45,"Proposed Method (ADVI)",0.228999999999999
0.4,46,"Naive Method (ADVI)",0.200000000000003
0.4,46,"Proposed Method (ADVI)",0.230999999999995
0.4,47,"Naive Method (ADVI)",0.244
0.4,47,"Proposed Method (ADVI)",0.22999999999999
0.4,48,"Naive Method (ADVI)",0.215000000000003
0.4,48,"Proposed Method (ADVI)",0.230000000000004
0.4,49,"Naive Method (ADVI)",0.213999999999999
0.4,49,"Proposed Method (ADVI)",0.231000000000009
0.4,50,"Naive Method (ADVI)",0.212999999999994
0.4,50,"Proposed Method (ADVI)",0.228999999999999
0.4,51,"Naive Method (ADVI)",0.212000000000003
0.4,51,"Proposed Method (ADVI)",0.228999999999999
0.4,52,"Naive Method (ADVI)",0.215000000000003
0.4,52,"Proposed Method (ADVI)",0.22999999999999
0.4,53,"Naive Method (ADVI)",0.199999999999989
0.4,53,"Proposed Method (ADVI)",0.231999999999999
0.4,54,"Naive Method (ADVI)",0.215000000000003
0.4,54,"Proposed Method (ADVI)",0.22999999999999
0.4,55,"Naive Method (ADVI)",0.198999999999998
0.4,55,"Proposed Method (ADVI)",0.228999999999999
0.4,56,"Naive Method (ADVI)",0.215000000000003
0.4,56,"Proposed Method (ADVI)",0.22999999999999
0.4,57,"Naive Method (ADVI)",0.198999999999998
0.4,57,"Proposed Method (ADVI)",0.230999999999995
0.4,58,"Naive Method (ADVI)",0.218000000000004
0.4,58,"Proposed Method (ADVI)",0.228999999999999
0.4,59,"Naive Method (ADVI)",0.198999999999998
0.4,59,"Proposed Method (ADVI)",0.230000000000004
0.4,60,"Naive Method (ADVI)",0.215000000000003
0.4,60,"Proposed Method (ADVI)",0.230000000000004
0.4,61,"Naive Method (ADVI)",0.199000000000012
0.4,61,"Proposed Method (ADVI)",0.228999999999999
0.4,62,"Naive Method (ADVI)",0.198999999999998
0.4,62,"Proposed Method (ADVI)",0.230000000000004
0.4,63,"Naive Method (ADVI)",0.213999999999999
0.4,63,"Proposed Method (ADVI)",0.230000000000004
0.4,64,"Naive Method (ADVI)",0.213999999999999
0.4,64,"Proposed Method (ADVI)",0.231000000000009
0.4,65,"Naive Method (ADVI)",0.214999999999989
0.4,65,"Proposed Method (ADVI)",0.231999999999999
0.4,66,"Naive Method (ADVI)",0.213000000000008
0.4,66,"Proposed Method (ADVI)",0.230000000000004
0.4,67,"Naive Method (ADVI)",0.213999999999999
0.4,67,"Proposed Method (ADVI)",0.228000000000009
0.4,68,"Naive Method (ADVI)",0.213999999999999
0.4,68,"Proposed Method (ADVI)",0.230000000000004
0.4,69,"Naive Method (ADVI)",0.213999999999999
0.4,69,"Proposed Method (ADVI)",0.230000000000004
0.4,70,"Naive Method (ADVI)",0.215000000000003
0.4,70,"Proposed Method (ADVI)",0.22999999999999
0.4,71,"Naive Method (ADVI)",0.213000000000008
0.4,71,"Proposed Method (ADVI)",0.228999999999999
0.4,72,"Naive Method (ADVI)",0.213999999999999
0.4,72,"Proposed Method (ADVI)",0.231000000000009
0.4,73,"Naive Method (ADVI)",0.213999999999999
0.4,73,"Proposed Method (ADVI)",0.230000000000004
0.4,74,"Naive Method (ADVI)",0.199000000000012
0.4,74,"Proposed Method (ADVI)",0.230000000000004
0.4,75,"Naive Method (ADVI)",0.213999999999999
0.4,75,"Proposed Method (ADVI)",0.231999999999999
0.4,76,"Naive Method (ADVI)",0.198999999999998
0.4,76,"Proposed Method (ADVI)",0.230000000000004
0.4,77,"Naive Method (ADVI)",0.200999999999993
0.4,77,"Proposed Method (ADVI)",0.228999999999999
0.4,78,"Naive Method (ADVI)",0.213999999999999
0.4,78,"Proposed Method (ADVI)",0.230000000000004
0.4,79,"Naive Method (ADVI)",0.201999999999998
0.4,79,"Proposed Method (ADVI)",0.231999999999999
0.4,80,"Naive Method (ADVI)",0.200000000000003
0.4,80,"Proposed Method (ADVI)",0.230000000000004
0.4,81,"Naive Method (ADVI)",0.200000000000003
0.4,81,"Proposed Method (ADVI)",0.230000000000004
0.4,82,"Naive Method (ADVI)",0.213999999999999
0.4,82,"Proposed Method (ADVI)",0.230000000000004
0.4,83,"Naive Method (ADVI)",0.213999999999999
0.4,83,"Proposed Method (ADVI)",0.230999999999995
0.4,84,"Naive Method (ADVI)",0.200000000000003
0.4,84,"Proposed Method (ADVI)",0.22999999999999
0.4,85,"Naive Method (ADVI)",0.219999999999999
0.4,85,"Proposed Method (ADVI)",0.241
0.4,86,"Naive Method (ADVI)",0.224000000000004
0.4,86,"Proposed Method (ADVI)",0.230000000000004
0.4,87,"Naive Method (ADVI)",0.198999999999998
0.4,87,"Proposed Method (ADVI)",0.231000000000009
0.4,88,"Naive Method (ADVI)",0.213999999999999
0.4,88,"Proposed Method (ADVI)",0.230000000000004
0.4,89,"Naive Method (ADVI)",0.213999999999999
0.4,89,"Proposed Method (ADVI)",0.231000000000009
0.4,90,"Naive Method (ADVI)",0.215999999999994
0.4,90,"Proposed Method (ADVI)",0.234000000000009
0.4,91,"Naive Method (ADVI)",0.224000000000004
0.4,91,"Proposed Method (ADVI)",0.239000000000004
0.4,92,"Naive Method (ADVI)",0.216000000000008
0.4,92,"Proposed Method (ADVI)",0.230000000000004
0.4,93,"Naive Method (ADVI)",0.215000000000003
0.4,93,"Proposed Method (ADVI)",0.228999999999999
0.4,94,"Naive Method (ADVI)",0.201000000000008
0.4,94,"Proposed Method (ADVI)",0.230000000000004
0.4,95,"Naive Method (ADVI)",0.213999999999999
0.4,95,"Proposed Method (ADVI)",0.230000000000004
0.4,96,"Naive Method (ADVI)",0.221999999999994
0.4,96,"Proposed Method (ADVI)",0.24199999999999
0.4,97,"Naive Method (ADVI)",0.225999999999999
0.4,97,"Proposed Method (ADVI)",0.228999999999999
0.4,98,"Naive Method (ADVI)",0.214999999999989
0.4,98,"Proposed Method (ADVI)",0.230999999999995
0.4,99,"Naive Method (ADVI)",0.216999999999999
0.4,99,"Proposed Method (ADVI)",0.230999999999995
0.4,100,"Naive Method (ADVI)",0.198999999999998
0.4,100,"Proposed Method (ADVI)",0.22999999999999
0.4,101,"Naive Method (ADVI)",0.200999999999993
0.4,101,"Proposed Method (ADVI)",0.23899999999999
0.4,102,"Naive Method (ADVI)",0.222999999999999
0.4,102,"Proposed Method (ADVI)",0.241
0.4,103,"Naive Method (ADVI)",0.213999999999999
0.4,103,"Proposed Method (ADVI)",0.230999999999995
0.4,104,"Naive Method (ADVI)",0.198999999999998
0.4,104,"Proposed Method (ADVI)",0.230000000000004
0.4,105,"Naive Method (ADVI)",0.198999999999998
0.4,105,"Proposed Method (ADVI)",0.231000000000009
0.4,106,"Naive Method (ADVI)",0.212999999999994
0.4,106,"Proposed Method (ADVI)",0.230999999999995
0.4,107,"Naive Method (ADVI)",0.222999999999999
0.4,107,"Proposed Method (ADVI)",0.239000000000004
0.4,108,"Naive Method (ADVI)",0.207000000000008
0.4,108,"Proposed Method (ADVI)",0.230999999999995
0.4,109,"Naive Method (ADVI)",0.213999999999999
0.4,109,"Proposed Method (ADVI)",0.230999999999995
0.4,110,"Naive Method (ADVI)",0.213999999999999
0.4,110,"Proposed Method (ADVI)",0.228999999999999
0.4,111,"Naive Method (ADVI)",0.200000000000003
0.4,111,"Proposed Method (ADVI)",0.228999999999999
0.4,112,"Naive Method (ADVI)",0.214999999999989
0.4,112,"Proposed Method (ADVI)",0.238
0.4,113,"Naive Method (ADVI)",0.222999999999999
0.4,113,"Proposed Method (ADVI)",0.23899999999999
0.4,114,"Naive Method (ADVI)",0.213000000000008
0.4,114,"Proposed Method (ADVI)",0.230999999999995
0.4,115,"Naive Method (ADVI)",0.213999999999999
0.4,115,"Proposed Method (ADVI)",0.231999999999999
0.4,116,"Naive Method (ADVI)",0.212999999999994
0.4,116,"Proposed Method (ADVI)",0.230000000000004
0.4,117,"Naive Method (ADVI)",0.213999999999999
0.4,117,"Proposed Method (ADVI)",0.230000000000004
0.4,118,"Naive Method (ADVI)",0.212999999999994
0.4,118,"Proposed Method (ADVI)",0.228999999999999
0.4,119,"Naive Method (ADVI)",0.213999999999999
0.4,119,"Proposed Method (ADVI)",0.228999999999999
0.4,120,"Naive Method (ADVI)",0.216000000000008
0.4,120,"Proposed Method (ADVI)",0.227999999999994
0.4,121,"Naive Method (ADVI)",0.213999999999999
0.4,121,"Proposed Method (ADVI)",0.230000000000004
0.4,122,"Naive Method (ADVI)",0.213999999999999
0.4,122,"Proposed Method (ADVI)",0.231999999999999
0.4,123,"Naive Method (ADVI)",0.213999999999999
0.4,123,"Proposed Method (ADVI)",0.22999999999999
0.4,124,"Naive Method (ADVI)",0.199000000000012
0.4,124,"Proposed Method (ADVI)",0.22999999999999
0.4,125,"Naive Method (ADVI)",0.213999999999999
0.4,125,"Proposed Method (ADVI)",0.229000000000013
0.4,126,"Naive Method (ADVI)",0.213999999999999
0.4,126,"Proposed Method (ADVI)",0.230999999999995
0.4,127,"Naive Method (ADVI)",0.211999999999989
0.4,127,"Proposed Method (ADVI)",0.230999999999995
0.4,128,"Naive Method (ADVI)",0.199999999999989
0.4,128,"Proposed Method (ADVI)",0.233000000000004
0.4,129,"Naive Method (ADVI)",0.214999999999975
0.4,129,"Proposed Method (ADVI)",0.230000000000018
0.4,130,"Naive Method (ADVI)",0.199999999999989
0.4,130,"Proposed Method (ADVI)",0.22999999999999
0.4,131,"Naive Method (ADVI)",0.199000000000012
0.4,131,"Proposed Method (ADVI)",0.22799999999998
0.4,132,"Naive Method (ADVI)",0.213999999999999
0.4,132,"Proposed Method (ADVI)",0.230000000000018
0.4,133,"Naive Method (ADVI)",0.213999999999999
0.4,133,"Proposed Method (ADVI)",0.231000000000023
0.4,134,"Naive Method (ADVI)",0.216000000000008
0.4,134,"Proposed Method (ADVI)",0.230000000000018
0.4,135,"Naive Method (ADVI)",0.215000000000003
0.4,135,"Proposed Method (ADVI)",0.230000000000018
0.4,136,"Naive Method (ADVI)",0.213999999999999
0.4,136,"Proposed Method (ADVI)",0.22999999999999
0.4,137,"Naive Method (ADVI)",0.215000000000003
0.4,137,"Proposed Method (ADVI)",0.228999999999985
0.4,138,"Naive Method (ADVI)",0.199000000000012
0.4,138,"Proposed Method (ADVI)",0.230999999999995
0.4,139,"Naive Method (ADVI)",0.213999999999999
0.4,139,"Proposed Method (ADVI)",0.238
0.4,140,"Naive Method (ADVI)",0.213999999999999
0.4,140,"Proposed Method (ADVI)",0.22999999999999
0.4,141,"Naive Method (ADVI)",0.215000000000003
0.4,141,"Proposed Method (ADVI)",0.231999999999999
0.4,142,"Naive Method (ADVI)",0.198999999999984
0.4,142,"Proposed Method (ADVI)",0.228999999999985
0.4,143,"Naive Method (ADVI)",0.213000000000022
0.4,143,"Proposed Method (ADVI)",0.231000000000023
0.4,144,"Naive Method (ADVI)",0.216000000000008
0.4,144,"Proposed Method (ADVI)",0.230000000000018
0.4,145,"Naive Method (ADVI)",0.213999999999999
0.4,145,"Proposed Method (ADVI)",0.22999999999999
0.4,146,"Naive Method (ADVI)",0.199000000000012
0.4,146,"Proposed Method (ADVI)",0.22999999999999
0.4,147,"Naive Method (ADVI)",0.213999999999999
0.4,147,"Proposed Method (ADVI)",0.228999999999985
0.4,148,"Naive Method (ADVI)",0.199000000000012
0.4,148,"Proposed Method (ADVI)",0.228999999999985
0.4,149,"Naive Method (ADVI)",0.240000000000009
0.4,149,"Proposed Method (ADVI)",0.22999999999999
0.4,150,"Naive Method (ADVI)",0.199999999999989
0.4,150,"Proposed Method (ADVI)",0.230999999999995
0.4,151,"Naive Method (ADVI)",0.200000000000017
0.4,151,"Proposed Method (ADVI)",0.230000000000018
0.4,152,"Naive Method (ADVI)",0.199000000000012
0.4,152,"Proposed Method (ADVI)",0.228999999999985
0.4,153,"Naive Method (ADVI)",0.213999999999999
0.4,153,"Proposed Method (ADVI)",0.230999999999995
0.4,154,"Naive Method (ADVI)",0.200999999999993
0.4,154,"Proposed Method (ADVI)",0.22999999999999
0.4,155,"Naive Method (ADVI)",0.216000000000008
0.4,155,"Proposed Method (ADVI)",0.22999999999999
0.4,156,"Naive Method (ADVI)",0.213999999999999
0.4,156,"Proposed Method (ADVI)",0.22999999999999
0.4,157,"Naive Method (ADVI)",0.215000000000003
0.4,157,"Proposed Method (ADVI)",0.229000000000013
0.4,158,"Naive Method (ADVI)",0.213999999999999
0.4,158,"Proposed Method (ADVI)",0.228000000000009
0.4,159,"Naive Method (ADVI)",0.213999999999999
0.4,159,"Proposed Method (ADVI)",0.229000000000013
0.4,160,"Naive Method (ADVI)",0.200000000000017
0.4,160,"Proposed Method (ADVI)",0.231999999999999
0.4,161,"Naive Method (ADVI)",0.213000000000022
0.4,161,"Proposed Method (ADVI)",0.22999999999999
0.4,162,"Naive Method (ADVI)",0.215000000000003
0.4,162,"Proposed Method (ADVI)",0.230000000000018
0.4,163,"Naive Method (ADVI)",0.215000000000003
0.4,163,"Proposed Method (ADVI)",0.229000000000013
0.4,164,"Naive Method (ADVI)",0.198999999999984
0.4,164,"Proposed Method (ADVI)",0.229000000000013
0.4,165,"Naive Method (ADVI)",0.213999999999999
0.4,165,"Proposed Method (ADVI)",0.230999999999995
0.4,166,"Naive Method (ADVI)",0.215000000000003
0.4,166,"Proposed Method (ADVI)",0.231999999999999
0.4,167,"Naive Method (ADVI)",0.200000000000017
0.4,167,"Proposed Method (ADVI)",0.230000000000018
0.4,168,"Naive Method (ADVI)",0.212999999999994
0.4,168,"Proposed Method (ADVI)",0.229000000000013
0.4,169,"Naive Method (ADVI)",0.214000000000027
0.4,169,"Proposed Method (ADVI)",0.229000000000013
0.4,170,"Naive Method (ADVI)",0.215000000000003
0.4,170,"Proposed Method (ADVI)",0.230999999999995
0.4,171,"Naive Method (ADVI)",0.199000000000012
0.4,171,"Proposed Method (ADVI)",0.22999999999999
0.4,172,"Naive Method (ADVI)",0.215000000000003
0.4,172,"Proposed Method (ADVI)",0.228999999999985
0.4,173,"Naive Method (ADVI)",0.214999999999975
0.4,173,"Proposed Method (ADVI)",0.228000000000009
0.4,174,"Naive Method (ADVI)",0.213999999999999
0.4,174,"Proposed Method (ADVI)",0.228999999999985
0.4,175,"Naive Method (ADVI)",0.213999999999999
0.4,175,"Proposed Method (ADVI)",0.229000000000013
0.4,176,"Naive Method (ADVI)",0.212999999999994
0.4,176,"Proposed Method (ADVI)",0.22999999999999
0.4,177,"Naive Method (ADVI)",0.215000000000003
0.4,177,"Proposed Method (ADVI)",0.230999999999995
0.4,178,"Naive Method (ADVI)",0.200999999999993
0.4,178,"Proposed Method (ADVI)",0.230999999999995
0.4,179,"Naive Method (ADVI)",0.214999999999975
0.4,179,"Proposed Method (ADVI)",0.229000000000013
0.4,180,"Naive Method (ADVI)",0.213999999999999
0.4,180,"Proposed Method (ADVI)",0.22999999999999
0.4,181,"Naive Method (ADVI)",0.215000000000003
0.4,181,"Proposed Method (ADVI)",0.22999999999999
0.4,182,"Naive Method (ADVI)",0.213999999999999
0.4,182,"Proposed Method (ADVI)",0.231999999999999
0.4,183,"Naive Method (ADVI)",0.213999999999999
0.4,183,"Proposed Method (ADVI)",0.230999999999995
0.4,184,"Naive Method (ADVI)",0.211999999999989
0.4,184,"Proposed Method (ADVI)",0.228999999999985
0.4,185,"Naive Method (ADVI)",0.199999999999989
0.4,185,"Proposed Method (ADVI)",0.228000000000009
0.4,186,"Naive Method (ADVI)",0.213999999999999
0.4,186,"Proposed Method (ADVI)",0.229000000000013
0.4,187,"Naive Method (ADVI)",0.216000000000008
0.4,187,"Proposed Method (ADVI)",0.230999999999995
0.4,188,"Naive Method (ADVI)",0.201999999999998
0.4,188,"Proposed Method (ADVI)",0.22999999999999
0.4,189,"Naive Method (ADVI)",0.215000000000003
0.4,189,"Proposed Method (ADVI)",0.230999999999995
0.4,190,"Naive Method (ADVI)",0.198999999999984
0.4,190,"Proposed Method (ADVI)",0.22999999999999
0.4,191,"Naive Method (ADVI)",0.212999999999994
0.4,191,"Proposed Method (ADVI)",0.229000000000013
0.4,192,"Naive Method (ADVI)",0.212999999999994
0.4,192,"Proposed Method (ADVI)",0.230000000000018
0.4,193,"Naive Method (ADVI)",0.213999999999999
0.4,193,"Proposed Method (ADVI)",0.230000000000018
0.4,194,"Naive Method (ADVI)",0.198999999999984
0.4,194,"Proposed Method (ADVI)",0.22999999999999
0.4,195,"Naive Method (ADVI)",0.200000000000017
0.4,195,"Proposed Method (ADVI)",0.228999999999985
0.4,196,"Naive Method (ADVI)",0.218000000000018
0.4,196,"Proposed Method (ADVI)",0.229000000000013
0.4,197,"Naive Method (ADVI)",0.217000000000013
0.4,197,"Proposed Method (ADVI)",0.231000000000023
0.4,198,"Naive Method (ADVI)",0.213999999999999
0.4,198,"Proposed Method (ADVI)",0.22999999999999
0.4,199,"Naive Method (ADVI)",0.199000000000012
0.4,199,"Proposed Method (ADVI)",0.230000000000018
0.4,200,"Naive Method (ADVI)",0.215000000000003
0.4,200,"Proposed Method (ADVI)",0.22799999999998
1.6,1,"Naive Method (ADVI)",0.215000000000003
1.6,1,"Proposed Method (ADVI)",0.230999999999995
1.6,2,"Naive Method (ADVI)",0.199999999999989
1.6,2,"Proposed Method (ADVI)",0.228000000000009
1.6,3,"Naive Method (ADVI)",0.215000000000003
1.6,3,"Proposed Method (ADVI)",0.22999999999999
1.6,4,"Naive Method (ADVI)",0.198999999999984
1.6,4,"Proposed Method (ADVI)",0.22999999999999
1.6,5,"Naive Method (ADVI)",0.213999999999999
1.6,5,"Proposed Method (ADVI)",0.22999999999999
1.6,6,"Naive Method (ADVI)",0.213999999999999
1.6,6,"Proposed Method (ADVI)",0.231999999999999
1.6,7,"Naive Method (ADVI)",0.200000000000017
1.6,7,"Proposed Method (ADVI)",0.229000000000013
1.6,8,"Naive Method (ADVI)",0.200000000000017
1.6,8,"Proposed Method (ADVI)",0.231999999999999
1.6,9,"Naive Method (ADVI)",0.199999999999989
1.6,9,"Proposed Method (ADVI)",0.230999999999995
1.6,10,"Naive Method (ADVI)",0.199999999999989
1.6,10,"Proposed Method (ADVI)",0.231999999999999
1.6,11,"Naive Method (ADVI)",0.215000000000003
1.6,11,"Proposed Method (ADVI)",0.230000000000018
1.6,12,"Naive Method (ADVI)",0.198999999999984
1.6,12,"Proposed Method (ADVI)",0.228000000000009
1.6,13,"Naive Method (ADVI)",0.212999999999994
1.6,13,"Proposed Method (ADVI)",0.229000000000013
1.6,14,"Naive Method (ADVI)",0.213999999999999
1.6,14,"Proposed Method (ADVI)",0.231999999999999
1.6,15,"Naive Method (ADVI)",0.216000000000008
1.6,15,"Proposed Method (ADVI)",0.229000000000013
1.6,16,"Naive Method (ADVI)",0.213999999999999
1.6,16,"Proposed Method (ADVI)",0.229000000000013
1.6,17,"Naive Method (ADVI)",0.213999999999999
1.6,17,"Proposed Method (ADVI)",0.22999999999999
1.6,18,"Naive Method (ADVI)",0.216000000000008
1.6,18,"Proposed Method (ADVI)",0.228999999999985
1.6,19,"Naive Method (ADVI)",0.212999999999994
1.6,19,"Proposed Method (ADVI)",0.229000000000013
1.6,20,"Naive Method (ADVI)",0.214999999999975
1.6,20,"Proposed Method (ADVI)",0.230999999999995
1.6,21,"Naive Method (ADVI)",0.213999999999999
1.6,21,"Proposed Method (ADVI)",0.233000000000004
1.6,22,"Naive Method (ADVI)",0.215000000000003
1.6,22,"Proposed Method (ADVI)",0.230000000000018
1.6,23,"Naive Method (ADVI)",0.215000000000003
1.6,23,"Proposed Method (ADVI)",0.229000000000013
1.6,24,"Naive Method (ADVI)",0.213999999999999
1.6,24,"Proposed Method (ADVI)",0.230999999999995
1.6,25,"Naive Method (ADVI)",0.213999999999999
1.6,25,"Proposed Method (ADVI)",0.22799999999998
1.6,26,"Naive Method (ADVI)",0.216000000000008
1.6,26,"Proposed Method (ADVI)",0.230000000000018
1.6,27,"Naive Method (ADVI)",0.213999999999999
1.6,27,"Proposed Method (ADVI)",0.230999999999995
1.6,28,"Naive Method (ADVI)",0.216000000000008
1.6,28,"Proposed Method (ADVI)",0.22799999999998
1.6,29,"Naive Method (ADVI)",0.213000000000022
1.6,29,"Proposed Method (ADVI)",0.229000000000013
1.6,30,"Naive Method (ADVI)",0.198000000000008
1.6,30,"Proposed Method (ADVI)",0.22999999999999
1.6,31,"Naive Method (ADVI)",0.199999999999989
1.6,31,"Proposed Method (ADVI)",0.231999999999999
1.6,32,"Naive Method (ADVI)",0.212999999999994
1.6,32,"Proposed Method (ADVI)",0.231999999999999
1.6,33,"Naive Method (ADVI)",0.215000000000003
1.6,33,"Proposed Method (ADVI)",0.22999999999999
1.6,34,"Naive Method (ADVI)",0.199000000000012
1.6,34,"Proposed Method (ADVI)",0.22799999999998
1.6,35,"Naive Method (ADVI)",0.200000000000017
1.6,35,"Proposed Method (ADVI)",0.229000000000013
1.6,36,"Naive Method (ADVI)",0.215000000000003
1.6,36,"Proposed Method (ADVI)",0.22999999999999
1.6,37,"Naive Method (ADVI)",0.200999999999993
1.6,37,"Proposed Method (ADVI)",0.230999999999995
1.6,38,"Naive Method (ADVI)",0.216000000000008
1.6,38,"Proposed Method (ADVI)",0.22999999999999
1.6,39,"Naive Method (ADVI)",0.215000000000003
1.6,39,"Proposed Method (ADVI)",0.229000000000013
1.6,40,"Naive Method (ADVI)",0.212999999999994
1.6,40,"Proposed Method (ADVI)",0.229000000000013
1.6,41,"Naive Method (ADVI)",0.213999999999999
1.6,41,"Proposed Method (ADVI)",0.228999999999985
1.6,42,"Naive Method (ADVI)",0.216000000000008
1.6,42,"Proposed Method (ADVI)",0.22999999999999
1.6,43,"Naive Method (ADVI)",0.199999999999989
1.6,43,"Proposed Method (ADVI)",0.230999999999995
1.6,44,"Naive Method (ADVI)",0.213999999999999
1.6,44,"Proposed Method (ADVI)",0.229000000000013
1.6,45,"Naive Method (ADVI)",0.213999999999999
1.6,45,"Proposed Method (ADVI)",0.228000000000009
1.6,46,"Naive Method (ADVI)",0.200000000000017
1.6,46,"Proposed Method (ADVI)",0.22999999999999
1.6,47,"Naive Method (ADVI)",0.216000000000008
1.6,47,"Proposed Method (ADVI)",0.230999999999995
1.6,48,"Naive Method (ADVI)",0.21599999999998
1.6,48,"Proposed Method (ADVI)",0.231000000000023
1.6,49,"Naive Method (ADVI)",0.214000000000027
1.6,49,"Proposed Method (ADVI)",0.230000000000018
1.6,50,"Naive Method (ADVI)",0.213999999999999
1.6,50,"Proposed Method (ADVI)",0.22999999999999
1.6,51,"Naive Method (ADVI)",0.213999999999999
1.6,51,"Proposed Method (ADVI)",0.228999999999985
1.6,52,"Naive Method (ADVI)",0.214999999999975
1.6,52,"Proposed Method (ADVI)",0.230000000000018
1.6,53,"Naive Method (ADVI)",0.213999999999999
1.6,53,"Proposed Method (ADVI)",0.230000000000018
1.6,54,"Naive Method (ADVI)",0.212999999999994
1.6,54,"Proposed Method (ADVI)",0.231000000000023
1.6,55,"Naive Method (ADVI)",0.199999999999989
1.6,55,"Proposed Method (ADVI)",0.22999999999999
1.6,56,"Naive Method (ADVI)",0.215000000000003
1.6,56,"Proposed Method (ADVI)",0.22999999999999
1.6,57,"Naive Method (ADVI)",0.200999999999993
1.6,57,"Proposed Method (ADVI)",0.22799999999998
1.6,58,"Naive Method (ADVI)",0.215000000000003
1.6,58,"Proposed Method (ADVI)",0.230999999999995
1.6,59,"Naive Method (ADVI)",0.200000000000017
1.6,59,"Proposed Method (ADVI)",0.228000000000009
1.6,60,"Naive Method (ADVI)",0.216000000000008
1.6,60,"Proposed Method (ADVI)",0.229000000000013
1.6,61,"Naive Method (ADVI)",0.199999999999989
1.6,61,"Proposed Method (ADVI)",0.22999999999999
1.6,62,"Naive Method (ADVI)",0.198999999999984
1.6,62,"Proposed Method (ADVI)",0.22999999999999
1.6,63,"Naive Method (ADVI)",0.212999999999994
1.6,63,"Proposed Method (ADVI)",0.230999999999995
1.6,64,"Naive Method (ADVI)",0.216000000000008
1.6,64,"Proposed Method (ADVI)",0.230000000000018
1.6,65,"Naive Method (ADVI)",0.214999999999975
1.6,65,"Proposed Method (ADVI)",0.22999999999999
1.6,66,"Naive Method (ADVI)",0.198999999999984
1.6,66,"Proposed Method (ADVI)",0.230000000000018
1.6,67,"Naive Method (ADVI)",0.215000000000003
1.6,67,"Proposed Method (ADVI)",0.228999999999985
1.6,68,"Naive Method (ADVI)",0.213999999999999
1.6,68,"Proposed Method (ADVI)",0.228000000000009
1.6,69,"Naive Method (ADVI)",0.214000000000027
1.6,69,"Proposed Method (ADVI)",0.229000000000013
1.6,70,"Naive Method (ADVI)",0.213999999999999
1.6,70,"Proposed Method (ADVI)",0.229000000000013
1.6,71,"Naive Method (ADVI)",0.199000000000012
1.6,71,"Proposed Method (ADVI)",0.228999999999985
1.6,72,"Naive Method (ADVI)",0.213999999999999
1.6,72,"Proposed Method (ADVI)",0.22999999999999
1.6,73,"Naive Method (ADVI)",0.198999999999984
1.6,73,"Proposed Method (ADVI)",0.228999999999985
1.6,74,"Naive Method (ADVI)",0.215000000000003
1.6,74,"Proposed Method (ADVI)",0.229000000000013
1.6,75,"Naive Method (ADVI)",0.216000000000008
1.6,75,"Proposed Method (ADVI)",0.22999999999999
1.6,76,"Naive Method (ADVI)",0.215000000000003
1.6,76,"Proposed Method (ADVI)",0.231000000000023
1.6,77,"Naive Method (ADVI)",0.198999999999984
1.6,77,"Proposed Method (ADVI)",0.22999999999999
1.6,78,"Naive Method (ADVI)",0.215000000000003
1.6,78,"Proposed Method (ADVI)",0.228999999999985
1.6,79,"Naive Method (ADVI)",0.213999999999999
1.6,79,"Proposed Method (ADVI)",0.230999999999995
1.6,80,"Naive Method (ADVI)",0.23599999999999
1.6,80,"Proposed Method (ADVI)",0.228999999999985
1.6,81,"Naive Method (ADVI)",0.215000000000003
1.6,81,"Proposed Method (ADVI)",0.22999999999999
1.6,82,"Naive Method (ADVI)",0.199000000000012
1.6,82,"Proposed Method (ADVI)",0.230999999999995
1.6,83,"Naive Method (ADVI)",0.215000000000003
1.6,83,"Proposed Method (ADVI)",0.228999999999985
1.6,84,"Naive Method (ADVI)",0.201000000000022
1.6,84,"Proposed Method (ADVI)",0.230000000000018
1.6,85,"Naive Method (ADVI)",0.199000000000012
1.6,85,"Proposed Method (ADVI)",0.228999999999985
1.6,86,"Naive Method (ADVI)",0.213999999999999
1.6,86,"Proposed Method (ADVI)",0.231999999999999
1.6,87,"Naive Method (ADVI)",0.199999999999989
1.6,87,"Proposed Method (ADVI)",0.228000000000009
1.6,88,"Naive Method (ADVI)",0.213999999999999
1.6,88,"Proposed Method (ADVI)",0.22999999999999
1.6,89,"Naive Method (ADVI)",0.212000000000018
1.6,89,"Proposed Method (ADVI)",0.22999999999999
1.6,90,"Naive Method (ADVI)",0.199999999999989
1.6,90,"Proposed Method (ADVI)",0.22999999999999
1.6,91,"Naive Method (ADVI)",0.215000000000003
1.6,91,"Proposed Method (ADVI)",0.233000000000004
1.6,92,"Naive Method (ADVI)",0.201999999999998
1.6,92,"Proposed Method (ADVI)",0.230999999999995
1.6,93,"Naive Method (ADVI)",0.199000000000012
1.6,93,"Proposed Method (ADVI)",0.22999999999999
1.6,94,"Naive Method (ADVI)",0.215000000000003
1.6,94,"Proposed Method (ADVI)",0.228999999999985
1.6,95,"Naive Method (ADVI)",0.199999999999989
1.6,95,"Proposed Method (ADVI)",0.22999999999999
1.6,96,"Naive Method (ADVI)",0.199000000000012
1.6,96,"Proposed Method (ADVI)",0.228999999999985
1.6,97,"Naive Method (ADVI)",0.200999999999965
1.6,97,"Proposed Method (ADVI)",0.229999999999961
1.6,98,"Naive Method (ADVI)",0.201000000000022
1.6,98,"Proposed Method (ADVI)",0.230999999999995
1.6,99,"Naive Method (ADVI)",0.216000000000008
1.6,99,"Proposed Method (ADVI)",0.228999999999985
1.6,100,"Naive Method (ADVI)",0.213999999999999
1.6,100,"Proposed Method (ADVI)",0.230000000000018
1.6,101,"Naive Method (ADVI)",0.214999999999975
1.6,101,"Proposed Method (ADVI)",0.229999999999961
1.6,102,"Naive Method (ADVI)",0.213999999999999
1.6,102,"Proposed Method (ADVI)",0.230999999999995
1.6,103,"Naive Method (ADVI)",0.223000000000013
1.6,103,"Proposed Method (ADVI)",0.230000000000018
1.6,104,"Naive Method (ADVI)",0.213000000000022
1.6,104,"Proposed Method (ADVI)",0.230000000000018
1.6,105,"Naive Method (ADVI)",0.216000000000008
1.6,105,"Proposed Method (ADVI)",0.230999999999995
1.6,106,"Naive Method (ADVI)",0.199999999999989
1.6,106,"Proposed Method (ADVI)",0.230999999999995
1.6,107,"Naive Method (ADVI)",0.199999999999989
1.6,107,"Proposed Method (ADVI)",0.230000000000018
1.6,108,"Naive Method (ADVI)",0.215000000000032
1.6,108,"Proposed Method (ADVI)",0.229000000000042
1.6,109,"Naive Method (ADVI)",0.199999999999989
1.6,109,"Proposed Method (ADVI)",0.230000000000018
1.6,110,"Naive Method (ADVI)",0.213999999999999
1.6,110,"Proposed Method (ADVI)",0.229000000000042
1.6,111,"Naive Method (ADVI)",0.213999999999999
1.6,111,"Proposed Method (ADVI)",0.228999999999985
1.6,112,"Naive Method (ADVI)",0.200000000000045
1.6,112,"Proposed Method (ADVI)",0.230000000000018
1.6,113,"Naive Method (ADVI)",0.213999999999999
1.6,113,"Proposed Method (ADVI)",0.229999999999961
1.6,114,"Naive Method (ADVI)",0.201999999999998
1.6,114,"Proposed Method (ADVI)",0.230999999999995
1.6,115,"Naive Method (ADVI)",0.214999999999975
1.6,115,"Proposed Method (ADVI)",0.229999999999961
1.6,116,"Naive Method (ADVI)",0.212999999999965
1.6,116,"Proposed Method (ADVI)",0.230000000000018
1.6,117,"Naive Method (ADVI)",0.213999999999999
1.6,117,"Proposed Method (ADVI)",0.230999999999995
1.6,118,"Naive Method (ADVI)",0.199999999999989
1.6,118,"Proposed Method (ADVI)",0.232000000000028
1.6,119,"Naive Method (ADVI)",0.201000000000022
1.6,119,"Proposed Method (ADVI)",0.230000000000018
1.6,120,"Naive Method (ADVI)",0.214999999999975
1.6,120,"Proposed Method (ADVI)",0.230000000000018
1.6,121,"Naive Method (ADVI)",0.198999999999955
1.6,121,"Proposed Method (ADVI)",0.266999999999996
1.6,122,"Naive Method (ADVI)",0.214999999999975
1.6,122,"Proposed Method (ADVI)",0.228999999999985
1.6,123,"Naive Method (ADVI)",0.217000000000041
1.6,123,"Proposed Method (ADVI)",0.230999999999995
1.6,124,"Naive Method (ADVI)",0.201000000000022
1.6,124,"Proposed Method (ADVI)",0.229999999999961
1.6,125,"Naive Method (ADVI)",0.213000000000022
1.6,125,"Proposed Method (ADVI)",0.229999999999961
1.6,126,"Naive Method (ADVI)",0.213999999999999
1.6,126,"Proposed Method (ADVI)",0.229000000000042
1.6,127,"Naive Method (ADVI)",0.213999999999999
1.6,127,"Proposed Method (ADVI)",0.230999999999995
1.6,128,"Naive Method (ADVI)",0.212999999999965
1.6,128,"Proposed Method (ADVI)",0.231999999999971
1.6,129,"Naive Method (ADVI)",0.214999999999975
1.6,129,"Proposed Method (ADVI)",0.230000000000018
1.6,130,"Naive Method (ADVI)",0.214999999999975
1.6,130,"Proposed Method (ADVI)",0.230000000000018
1.6,131,"Naive Method (ADVI)",0.199999999999989
1.6,131,"Proposed Method (ADVI)",0.230000000000018
1.6,132,"Naive Method (ADVI)",0.214999999999975
1.6,132,"Proposed Method (ADVI)",0.228999999999985
1.6,133,"Naive Method (ADVI)",0.215000000000032
1.6,133,"Proposed Method (ADVI)",0.230999999999995
1.6,134,"Naive Method (ADVI)",0.201999999999998
1.6,134,"Proposed Method (ADVI)",0.230999999999995
1.6,135,"Naive Method (ADVI)",0.214999999999975
1.6,135,"Proposed Method (ADVI)",0.230000000000018
1.6,136,"Naive Method (ADVI)",0.213999999999999
1.6,136,"Proposed Method (ADVI)",0.230999999999995
1.6,137,"Naive Method (ADVI)",0.213000000000022
1.6,137,"Proposed Method (ADVI)",0.228999999999985
1.6,138,"Naive Method (ADVI)",0.199999999999989
1.6,138,"Proposed Method (ADVI)",0.228999999999985
1.6,139,"Naive Method (ADVI)",0.199999999999989
1.6,139,"Proposed Method (ADVI)",0.228999999999985
1.6,140,"Naive Method (ADVI)",0.213999999999999
1.6,140,"Proposed Method (ADVI)",0.229999999999961
1.6,141,"Naive Method (ADVI)",0.201000000000022
1.6,141,"Proposed Method (ADVI)",0.228999999999985
1.6,142,"Naive Method (ADVI)",0.213999999999999
1.6,142,"Proposed Method (ADVI)",0.230000000000018
1.6,143,"Naive Method (ADVI)",0.213000000000022
1.6,143,"Proposed Method (ADVI)",0.230000000000018
1.6,144,"Naive Method (ADVI)",0.216000000000008
1.6,144,"Proposed Method (ADVI)",0.233000000000004
1.6,145,"Naive Method (ADVI)",0.201000000000022
1.6,145,"Proposed Method (ADVI)",0.230999999999995
1.6,146,"Naive Method (ADVI)",0.216000000000008
1.6,146,"Proposed Method (ADVI)",0.230000000000018
1.6,147,"Naive Method (ADVI)",0.213999999999999
1.6,147,"Proposed Method (ADVI)",0.229000000000042
1.6,148,"Naive Method (ADVI)",0.213999999999999
1.6,148,"Proposed Method (ADVI)",0.228999999999985
1.6,149,"Naive Method (ADVI)",0.213999999999999
1.6,149,"Proposed Method (ADVI)",0.229999999999961
1.6,150,"Naive Method (ADVI)",0.213999999999999
1.6,150,"Proposed Method (ADVI)",0.230000000000018
1.6,151,"Naive Method (ADVI)",0.199999999999989
1.6,151,"Proposed Method (ADVI)",0.230999999999995
1.6,152,"Naive Method (ADVI)",0.199000000000012
1.6,152,"Proposed Method (ADVI)",0.230000000000018
1.6,153,"Naive Method (ADVI)",0.199000000000012
1.6,153,"Proposed Method (ADVI)",0.228999999999985
1.6,154,"Naive Method (ADVI)",0.199999999999989
1.6,154,"Proposed Method (ADVI)",0.230000000000018
1.6,155,"Naive Method (ADVI)",0.201000000000022
1.6,155,"Proposed Method (ADVI)",0.229000000000042
1.6,156,"Naive Method (ADVI)",0.203000000000031
1.6,156,"Proposed Method (ADVI)",0.230999999999995
1.6,157,"Naive Method (ADVI)",0.199000000000012
1.6,157,"Proposed Method (ADVI)",0.230000000000018
1.6,158,"Naive Method (ADVI)",0.201000000000022
1.6,158,"Proposed Method (ADVI)",0.230999999999995
1.6,159,"Naive Method (ADVI)",0.213999999999999
1.6,159,"Proposed Method (ADVI)",0.231000000000051
1.6,160,"Naive Method (ADVI)",0.213999999999999
1.6,160,"Proposed Method (ADVI)",0.230000000000018
1.6,161,"Naive Method (ADVI)",0.199000000000012
1.6,161,"Proposed Method (ADVI)",0.228999999999985
1.6,162,"Naive Method (ADVI)",0.216000000000008
1.6,162,"Proposed Method (ADVI)",0.230999999999995
1.6,163,"Naive Method (ADVI)",0.215000000000032
1.6,163,"Proposed Method (ADVI)",0.230000000000018
1.6,164,"Naive Method (ADVI)",0.213000000000022
1.6,164,"Proposed Method (ADVI)",0.228999999999985
1.6,165,"Naive Method (ADVI)",0.199000000000012
1.6,165,"Proposed Method (ADVI)",0.231000000000051
1.6,166,"Naive Method (ADVI)",0.212999999999965
1.6,166,"Proposed Method (ADVI)",0.230000000000018
1.6,167,"Naive Method (ADVI)",0.249000000000024
1.6,167,"Proposed Method (ADVI)",0.233000000000004
1.6,168,"Naive Method (ADVI)",0.201000000000022
1.6,168,"Proposed Method (ADVI)",0.230999999999995
1.6,169,"Naive Method (ADVI)",0.199999999999989
1.6,169,"Proposed Method (ADVI)",0.228999999999985
1.6,170,"Naive Method (ADVI)",0.213999999999999
1.6,170,"Proposed Method (ADVI)",0.230000000000018
1.6,171,"Naive Method (ADVI)",0.215000000000032
1.6,171,"Proposed Method (ADVI)",0.228999999999985
1.6,172,"Naive Method (ADVI)",0.199999999999989
1.6,172,"Proposed Method (ADVI)",0.228999999999985
1.6,173,"Naive Method (ADVI)",0.215000000000032
1.6,173,"Proposed Method (ADVI)",0.230000000000018
1.6,174,"Naive Method (ADVI)",0.213999999999999
1.6,174,"Proposed Method (ADVI)",0.230999999999995
1.6,175,"Naive Method (ADVI)",0.199999999999989
1.6,175,"Proposed Method (ADVI)",0.230000000000018
1.6,176,"Naive Method (ADVI)",0.215000000000032
1.6,176,"Proposed Method (ADVI)",0.230000000000018
1.6,177,"Naive Method (ADVI)",0.199000000000012
1.6,177,"Proposed Method (ADVI)",0.230000000000018
1.6,178,"Naive Method (ADVI)",0.218999999999994
1.6,178,"Proposed Method (ADVI)",0.230999999999995
1.6,179,"Naive Method (ADVI)",0.213000000000022
1.6,179,"Proposed Method (ADVI)",0.230999999999995
1.6,180,"Naive Method (ADVI)",0.199000000000012
1.6,180,"Proposed Method (ADVI)",0.230000000000018
1.6,181,"Naive Method (ADVI)",0.213999999999999
1.6,181,"Proposed Method (ADVI)",0.230000000000018
1.6,182,"Naive Method (ADVI)",0.199000000000012
1.6,182,"Proposed Method (ADVI)",0.229999999999961
1.6,183,"Naive Method (ADVI)",0.212999999999965
1.6,183,"Proposed Method (ADVI)",0.230000000000018
1.6,184,"Naive Method (ADVI)",0.215000000000032
1.6,184,"Proposed Method (ADVI)",0.231999999999971
1.6,185,"Naive Method (ADVI)",0.212999999999965
1.6,185,"Proposed Method (ADVI)",0.230000000000018
1.6,186,"Naive Method (ADVI)",0.213999999999999
1.6,186,"Proposed Method (ADVI)",0.229999999999961
1.6,187,"Naive Method (ADVI)",0.198999999999955
1.6,187,"Proposed Method (ADVI)",0.231000000000051
1.6,188,"Naive Method (ADVI)",0.213999999999999
1.6,188,"Proposed Method (ADVI)",0.230999999999995
1.6,189,"Naive Method (ADVI)",0.214999999999975
1.6,189,"Proposed Method (ADVI)",0.232000000000028
1.6,190,"Naive Method (ADVI)",0.214999999999975
1.6,190,"Proposed Method (ADVI)",0.229999999999961
1.6,191,"Naive Method (ADVI)",0.199000000000012
1.6,191,"Proposed Method (ADVI)",0.230000000000018
1.6,192,"Naive Method (ADVI)",0.200000000000045
1.6,192,"Proposed Method (ADVI)",0.230999999999995
1.6,193,"Naive Method (ADVI)",0.199000000000012
1.6,193,"Proposed Method (ADVI)",0.230999999999995
1.6,194,"Naive Method (ADVI)",0.213999999999999
1.6,194,"Proposed Method (ADVI)",0.230999999999995
1.6,195,"Naive Method (ADVI)",0.199999999999989
1.6,195,"Proposed Method (ADVI)",0.228999999999985
1.6,196,"Naive Method (ADVI)",0.214999999999975
1.6,196,"Proposed Method (ADVI)",0.228999999999985
1.6,197,"Naive Method (ADVI)",0.215999999999951
1.6,197,"Proposed Method (ADVI)",0.229999999999961
1.6,198,"Naive Method (ADVI)",0.216000000000008
1.6,198,"Proposed Method (ADVI)",0.230999999999995
1.6,199,"Naive Method (ADVI)",0.215000000000032
1.6,199,"Proposed Method (ADVI)",0.229999999999961
1.6,200,"Naive Method (ADVI)",0.201000000000022
1.6,200,"Proposed Method (ADVI)",0.230000000000018
2.8,1,"Naive Method (ADVI)",0.213999999999999
2.8,1,"Proposed Method (ADVI)",0.228999999999985
2.8,2,"Naive Method (ADVI)",0.213999999999999
2.8,2,"Proposed Method (ADVI)",0.230000000000018
2.8,3,"Naive Method (ADVI)",0.199999999999989
2.8,3,"Proposed Method (ADVI)",0.228999999999985
2.8,4,"Naive Method (ADVI)",0.213000000000022
2.8,4,"Proposed Method (ADVI)",0.229000000000042
2.8,5,"Naive Method (ADVI)",0.214999999999975
2.8,5,"Proposed Method (ADVI)",0.228999999999985
2.8,6,"Naive Method (ADVI)",0.214999999999975
2.8,6,"Proposed Method (ADVI)",0.230000000000018
2.8,7,"Naive Method (ADVI)",0.213999999999999
2.8,7,"Proposed Method (ADVI)",0.230000000000018
2.8,8,"Naive Method (ADVI)",0.199999999999989
2.8,8,"Proposed Method (ADVI)",0.229999999999961
2.8,9,"Naive Method (ADVI)",0.215000000000032
2.8,9,"Proposed Method (ADVI)",0.230000000000018
2.8,10,"Naive Method (ADVI)",0.213999999999999
2.8,10,"Proposed Method (ADVI)",0.230999999999995
2.8,11,"Naive Method (ADVI)",0.215000000000032
2.8,11,"Proposed Method (ADVI)",0.228999999999985
2.8,12,"Naive Method (ADVI)",0.213999999999999
2.8,12,"Proposed Method (ADVI)",0.229000000000042
2.8,13,"Naive Method (ADVI)",0.199999999999989
2.8,13,"Proposed Method (ADVI)",0.239999999999952
2.8,14,"Naive Method (ADVI)",0.216999999999985
2.8,14,"Proposed Method (ADVI)",0.226999999999975
2.8,15,"Naive Method (ADVI)",0.215000000000032
2.8,15,"Proposed Method (ADVI)",0.230000000000018
2.8,16,"Naive Method (ADVI)",0.215000000000032
2.8,16,"Proposed Method (ADVI)",0.230000000000018
2.8,17,"Naive Method (ADVI)",0.201000000000022
2.8,17,"Proposed Method (ADVI)",0.228999999999985
2.8,18,"Naive Method (ADVI)",0.199000000000012
2.8,18,"Proposed Method (ADVI)",0.230999999999995
2.8,19,"Naive Method (ADVI)",0.216000000000008
2.8,19,"Proposed Method (ADVI)",0.228999999999985
2.8,20,"Naive Method (ADVI)",0.198999999999955
2.8,20,"Proposed Method (ADVI)",0.230000000000018
2.8,21,"Naive Method (ADVI)",0.216999999999985
2.8,21,"Proposed Method (ADVI)",0.230999999999995
2.8,22,"Naive Method (ADVI)",0.213999999999999
2.8,22,"Proposed Method (ADVI)",0.230000000000018
2.8,23,"Naive Method (ADVI)",0.201000000000022
2.8,23,"Proposed Method (ADVI)",0.230000000000018
2.8,24,"Naive Method (ADVI)",0.215000000000032
2.8,24,"Proposed Method (ADVI)",0.230999999999995
2.8,25,"Naive Method (ADVI)",0.213999999999999
2.8,25,"Proposed Method (ADVI)",0.230999999999995
2.8,26,"Naive Method (ADVI)",0.216000000000008
2.8,26,"Proposed Method (ADVI)",0.229999999999961
2.8,27,"Naive Method (ADVI)",0.216000000000008
2.8,27,"Proposed Method (ADVI)",0.230000000000018
2.8,28,"Naive Method (ADVI)",0.216000000000008
2.8,28,"Proposed Method (ADVI)",0.229999999999961
2.8,29,"Naive Method (ADVI)",0.213999999999999
2.8,29,"Proposed Method (ADVI)",0.228999999999985
2.8,30,"Naive Method (ADVI)",0.216000000000008
2.8,30,"Proposed Method (ADVI)",0.229999999999961
2.8,31,"Naive Method (ADVI)",0.213999999999999
2.8,31,"Proposed Method (ADVI)",0.228999999999985
2.8,32,"Naive Method (ADVI)",0.201000000000022
2.8,32,"Proposed Method (ADVI)",0.230000000000018
2.8,33,"Naive Method (ADVI)",0.244000000000028
2.8,33,"Proposed Method (ADVI)",0.233000000000004
2.8,34,"Naive Method (ADVI)",0.199999999999989
2.8,34,"Proposed Method (ADVI)",0.230999999999995
2.8,35,"Naive Method (ADVI)",0.214999999999975
2.8,35,"Proposed Method (ADVI)",0.230000000000018
2.8,36,"Naive Method (ADVI)",0.217000000000041
2.8,36,"Proposed Method (ADVI)",0.230000000000018
2.8,37,"Naive Method (ADVI)",0.214999999999975
2.8,37,"Proposed Method (ADVI)",0.230000000000018
2.8,38,"Naive Method (ADVI)",0.216000000000008
2.8,38,"Proposed Method (ADVI)",0.230999999999995
2.8,39,"Naive Method (ADVI)",0.199999999999989
2.8,39,"Proposed Method (ADVI)",0.228999999999985
2.8,40,"Naive Method (ADVI)",0.213999999999999
2.8,40,"Proposed Method (ADVI)",0.232000000000028
2.8,41,"Naive Method (ADVI)",0.213999999999999
2.8,41,"Proposed Method (ADVI)",0.228999999999985
2.8,42,"Naive Method (ADVI)",0.214999999999975
2.8,42,"Proposed Method (ADVI)",0.230000000000018
2.8,43,"Naive Method (ADVI)",0.199000000000012
2.8,43,"Proposed Method (ADVI)",0.230000000000018
2.8,44,"Naive Method (ADVI)",0.238
2.8,44,"Proposed Method (ADVI)",0.230999999999995
2.8,45,"Naive Method (ADVI)",0.230000000000018
2.8,45,"Proposed Method (ADVI)",0.233000000000004
2.8,46,"Naive Method (ADVI)",0.215999999999951
2.8,46,"Proposed Method (ADVI)",0.228000000000009
2.8,47,"Naive Method (ADVI)",0.215000000000032
2.8,47,"Proposed Method (ADVI)",0.230999999999995
2.8,48,"Naive Method (ADVI)",0.214999999999975
2.8,48,"Proposed Method (ADVI)",0.230000000000018
2.8,49,"Naive Method (ADVI)",0.199000000000012
2.8,49,"Proposed Method (ADVI)",0.230999999999995
2.8,50,"Naive Method (ADVI)",0.199999999999989
2.8,50,"Proposed Method (ADVI)",0.228999999999985
2.8,51,"Naive Method (ADVI)",0.199999999999989
2.8,51,"Proposed Method (ADVI)",0.230999999999995
2.8,52,"Naive Method (ADVI)",0.199999999999989
2.8,52,"Proposed Method (ADVI)",0.230000000000018
2.8,53,"Naive Method (ADVI)",0.215000000000032
2.8,53,"Proposed Method (ADVI)",0.230000000000018
2.8,54,"Naive Method (ADVI)",0.213999999999999
2.8,54,"Proposed Method (ADVI)",0.230000000000018
2.8,55,"Naive Method (ADVI)",0.213999999999999
2.8,55,"Proposed Method (ADVI)",0.229999999999961
2.8,56,"Naive Method (ADVI)",0.214999999999975
2.8,56,"Proposed Method (ADVI)",0.230000000000018
2.8,57,"Naive Method (ADVI)",0.214999999999975
2.8,57,"Proposed Method (ADVI)",0.230000000000018
2.8,58,"Naive Method (ADVI)",0.201000000000022
2.8,58,"Proposed Method (ADVI)",0.230999999999995
2.8,59,"Naive Method (ADVI)",0.215000000000032
2.8,59,"Proposed Method (ADVI)",0.229999999999961
2.8,60,"Naive Method (ADVI)",0.200999999999965
2.8,60,"Proposed Method (ADVI)",0.230000000000018
2.8,61,"Naive Method (ADVI)",0.213999999999999
2.8,61,"Proposed Method (ADVI)",0.228999999999985
2.8,62,"Naive Method (ADVI)",0.213999999999999
2.8,62,"Proposed Method (ADVI)",0.230999999999995
2.8,63,"Naive Method (ADVI)",0.214999999999975
2.8,63,"Proposed Method (ADVI)",0.230999999999995
2.8,64,"Naive Method (ADVI)",0.213999999999999
2.8,64,"Proposed Method (ADVI)",0.230000000000018
2.8,65,"Naive Method (ADVI)",0.199999999999989
2.8,65,"Proposed Method (ADVI)",0.230999999999995
2.8,66,"Naive Method (ADVI)",0.199000000000012
2.8,66,"Proposed Method (ADVI)",0.230999999999995
2.8,67,"Naive Method (ADVI)",0.200000000000045
2.8,67,"Proposed Method (ADVI)",0.230000000000018
2.8,68,"Naive Method (ADVI)",0.213999999999999
2.8,68,"Proposed Method (ADVI)",0.230999999999995
2.8,69,"Naive Method (ADVI)",0.201999999999998
2.8,69,"Proposed Method (ADVI)",0.228999999999985
2.8,70,"Naive Method (ADVI)",0.199999999999989
2.8,70,"Proposed Method (ADVI)",0.229999999999961
2.8,71,"Naive Method (ADVI)",0.214999999999975
2.8,71,"Proposed Method (ADVI)",0.227999999999952
2.8,72,"Naive Method (ADVI)",0.216999999999985
2.8,72,"Proposed Method (ADVI)",0.228999999999985
2.8,73,"Naive Method (ADVI)",0.214999999999975
2.8,73,"Proposed Method (ADVI)",0.228000000000009
2.8,74,"Naive Method (ADVI)",0.201000000000022
2.8,74,"Proposed Method (ADVI)",0.230000000000018
2.8,75,"Naive Method (ADVI)",0.199999999999989
2.8,75,"Proposed Method (ADVI)",0.230999999999995
2.8,76,"Naive Method (ADVI)",0.215000000000032
2.8,76,"Proposed Method (ADVI)",0.228999999999985
2.8,77,"Naive Method (ADVI)",0.199999999999989
2.8,77,"Proposed Method (ADVI)",0.228000000000009
2.8,78,"Naive Method (ADVI)",0.215000000000032
2.8,78,"Proposed Method (ADVI)",0.229000000000042
2.8,79,"Naive Method (ADVI)",0.213999999999999
2.8,79,"Proposed Method (ADVI)",0.228999999999985
2.8,80,"Naive Method (ADVI)",0.214999999999975
2.8,80,"Proposed Method (ADVI)",0.230999999999995
2.8,81,"Naive Method (ADVI)",0.214000000000055
2.8,81,"Proposed Method (ADVI)",0.230000000000018
2.8,82,"Naive Method (ADVI)",0.199000000000012
2.8,82,"Proposed Method (ADVI)",0.230999999999995
2.8,83,"Naive Method (ADVI)",0.213999999999999
2.8,83,"Proposed Method (ADVI)",0.228999999999985
2.8,84,"Naive Method (ADVI)",0.214999999999975
2.8,84,"Proposed Method (ADVI)",0.229999999999961
2.8,85,"Naive Method (ADVI)",0.215999999999951
2.8,85,"Proposed Method (ADVI)",0.230999999999995
2.8,86,"Naive Method (ADVI)",0.200999999999965
2.8,86,"Proposed Method (ADVI)",0.228999999999985
2.8,87,"Naive Method (ADVI)",0.216000000000008
2.8,87,"Proposed Method (ADVI)",0.230000000000018
2.8,88,"Naive Method (ADVI)",0.213999999999999
2.8,88,"Proposed Method (ADVI)",0.229999999999961
2.8,89,"Naive Method (ADVI)",0.213000000000022
2.8,89,"Proposed Method (ADVI)",0.229999999999961
2.8,90,"Naive Method (ADVI)",0.201999999999998
2.8,90,"Proposed Method (ADVI)",0.231999999999971
2.8,91,"Naive Method (ADVI)",0.214999999999975
2.8,91,"Proposed Method (ADVI)",0.230999999999995
2.8,92,"Naive Method (ADVI)",0.213999999999999
2.8,92,"Proposed Method (ADVI)",0.230999999999995
2.8,93,"Naive Method (ADVI)",0.213999999999999
2.8,93,"Proposed Method (ADVI)",0.230000000000018
2.8,94,"Naive Method (ADVI)",0.213999999999999
2.8,94,"Proposed Method (ADVI)",0.230999999999995
2.8,95,"Naive Method (ADVI)",0.213999999999999
2.8,95,"Proposed Method (ADVI)",0.227999999999952
2.8,96,"Naive Method (ADVI)",0.213999999999999
2.8,96,"Proposed Method (ADVI)",0.230000000000018
2.8,97,"Naive Method (ADVI)",0.213000000000022
2.8,97,"Proposed Method (ADVI)",0.228999999999985
2.8,98,"Naive Method (ADVI)",0.211999999999989
2.8,98,"Proposed Method (ADVI)",0.229999999999961
2.8,99,"Naive Method (ADVI)",0.213999999999999
2.8,99,"Proposed Method (ADVI)",0.228000000000009
2.8,100,"Naive Method (ADVI)",0.199999999999989
2.8,100,"Proposed Method (ADVI)",0.230999999999995
2.8,101,"Naive Method (ADVI)",0.216000000000008
2.8,101,"Proposed Method (ADVI)",0.229999999999961
2.8,102,"Naive Method (ADVI)",0.216000000000008
2.8,102,"Proposed Method (ADVI)",0.229000000000042
2.8,103,"Naive Method (ADVI)",0.199999999999989
2.8,103,"Proposed Method (ADVI)",0.230000000000018
2.8,104,"Naive Method (ADVI)",0.213999999999999
2.8,104,"Proposed Method (ADVI)",0.229999999999961
2.8,105,"Naive Method (ADVI)",0.199999999999989
2.8,105,"Proposed Method (ADVI)",0.230999999999995
2.8,106,"Naive Method (ADVI)",0.200000000000045
2.8,106,"Proposed Method (ADVI)",0.230000000000018
2.8,107,"Naive Method (ADVI)",0.213999999999999
2.8,107,"Proposed Method (ADVI)",0.229000000000042
2.8,108,"Naive Method (ADVI)",0.216000000000008
2.8,108,"Proposed Method (ADVI)",0.230999999999995
2.8,109,"Naive Method (ADVI)",0.216000000000008
2.8,109,"Proposed Method (ADVI)",0.230000000000018
2.8,110,"Naive Method (ADVI)",0.199999999999989
2.8,110,"Proposed Method (ADVI)",0.228999999999985
2.8,111,"Naive Method (ADVI)",0.213999999999999
2.8,111,"Proposed Method (ADVI)",0.230999999999995
2.8,112,"Naive Method (ADVI)",0.202999999999975
2.8,112,"Proposed Method (ADVI)",0.230999999999995
2.8,113,"Naive Method (ADVI)",0.213999999999999
2.8,113,"Proposed Method (ADVI)",0.228999999999985
2.8,114,"Naive Method (ADVI)",0.216000000000008
2.8,114,"Proposed Method (ADVI)",0.229999999999961
2.8,115,"Naive Method (ADVI)",0.215000000000032
2.8,115,"Proposed Method (ADVI)",0.230999999999995
2.8,116,"Naive Method (ADVI)",0.200000000000045
2.8,116,"Proposed Method (ADVI)",0.230999999999995
2.8,117,"Naive Method (ADVI)",0.199000000000012
2.8,117,"Proposed Method (ADVI)",0.231999999999971
2.8,118,"Naive Method (ADVI)",0.214999999999975
2.8,118,"Proposed Method (ADVI)",0.229999999999961
2.8,119,"Naive Method (ADVI)",0.216000000000008
2.8,119,"Proposed Method (ADVI)",0.228999999999985
2.8,120,"Naive Method (ADVI)",0.199999999999989
2.8,120,"Proposed Method (ADVI)",0.228999999999985
2.8,121,"Naive Method (ADVI)",0.213999999999999
2.8,121,"Proposed Method (ADVI)",0.230999999999995
2.8,122,"Naive Method (ADVI)",0.203000000000031
2.8,122,"Proposed Method (ADVI)",0.230999999999995
2.8,123,"Naive Method (ADVI)",0.199999999999989
2.8,123,"Proposed Method (ADVI)",0.229999999999961
2.8,124,"Naive Method (ADVI)",0.199000000000012
2.8,124,"Proposed Method (ADVI)",0.230000000000018
2.8,125,"Naive Method (ADVI)",0.216999999999985
2.8,125,"Proposed Method (ADVI)",0.229000000000042
2.8,126,"Naive Method (ADVI)",0.199999999999989
2.8,126,"Proposed Method (ADVI)",0.228999999999985
2.8,127,"Naive Method (ADVI)",0.201000000000022
2.8,127,"Proposed Method (ADVI)",0.228999999999985
2.8,128,"Naive Method (ADVI)",0.213999999999999
2.8,128,"Proposed Method (ADVI)",0.229999999999961
2.8,129,"Naive Method (ADVI)",0.216000000000008
2.8,129,"Proposed Method (ADVI)",0.230999999999995
2.8,130,"Naive Method (ADVI)",0.214000000000055
2.8,130,"Proposed Method (ADVI)",0.229000000000042
2.8,131,"Naive Method (ADVI)",0.213999999999999
2.8,131,"Proposed Method (ADVI)",0.230000000000018
2.8,132,"Naive Method (ADVI)",0.199999999999989
2.8,132,"Proposed Method (ADVI)",0.228999999999985
2.8,133,"Naive Method (ADVI)",0.213999999999999
2.8,133,"Proposed Method (ADVI)",0.230000000000018
2.8,134,"Naive Method (ADVI)",0.214999999999975
2.8,134,"Proposed Method (ADVI)",0.229000000000042
2.8,135,"Naive Method (ADVI)",0.213999999999999
2.8,135,"Proposed Method (ADVI)",0.231999999999971
2.8,136,"Naive Method (ADVI)",0.213999999999999
2.8,136,"Proposed Method (ADVI)",0.228999999999985
2.8,137,"Naive Method (ADVI)",0.199999999999989
2.8,137,"Proposed Method (ADVI)",0.230000000000018
2.8,138,"Naive Method (ADVI)",0.199999999999989
2.8,138,"Proposed Method (ADVI)",0.229000000000042
2.8,139,"Naive Method (ADVI)",0.215000000000032
2.8,139,"Proposed Method (ADVI)",0.254999999999995
2.8,140,"Naive Method (ADVI)",0.198999999999955
2.8,140,"Proposed Method (ADVI)",0.230999999999995
2.8,141,"Naive Method (ADVI)",0.214999999999975
2.8,141,"Proposed Method (ADVI)",0.228000000000009
2.8,142,"Naive Method (ADVI)",0.216000000000008
2.8,142,"Proposed Method (ADVI)",0.229999999999961
2.8,143,"Naive Method (ADVI)",0.213999999999999
2.8,143,"Proposed Method (ADVI)",0.230999999999995
2.8,144,"Naive Method (ADVI)",0.199999999999989
2.8,144,"Proposed Method (ADVI)",0.228999999999985
2.8,145,"Naive Method (ADVI)",0.200000000000045
2.8,145,"Proposed Method (ADVI)",0.228999999999985
2.8,146,"Naive Method (ADVI)",0.199999999999989
2.8,146,"Proposed Method (ADVI)",0.230000000000018
2.8,147,"Naive Method (ADVI)",0.214999999999975
2.8,147,"Proposed Method (ADVI)",0.236999999999966
2.8,148,"Naive Method (ADVI)",0.215000000000032
2.8,148,"Proposed Method (ADVI)",0.229000000000042
2.8,149,"Naive Method (ADVI)",0.213999999999999
2.8,149,"Proposed Method (ADVI)",0.231999999999971
2.8,150,"Naive Method (ADVI)",0.199000000000012
2.8,150,"Proposed Method (ADVI)",0.230999999999995
2.8,151,"Naive Method (ADVI)",0.213999999999999
2.8,151,"Proposed Method (ADVI)",0.228999999999985
2.8,152,"Naive Method (ADVI)",0.212999999999965
2.8,152,"Proposed Method (ADVI)",0.228000000000009
2.8,153,"Naive Method (ADVI)",0.199999999999989
2.8,153,"Proposed Method (ADVI)",0.230000000000018
2.8,154,"Naive Method (ADVI)",0.214999999999975
2.8,154,"Proposed Method (ADVI)",0.230000000000018
2.8,155,"Naive Method (ADVI)",0.200999999999965
2.8,155,"Proposed Method (ADVI)",0.228000000000009
2.8,156,"Naive Method (ADVI)",0.215000000000032
2.8,156,"Proposed Method (ADVI)",0.229999999999961
2.8,157,"Naive Method (ADVI)",0.213000000000022
2.8,157,"Proposed Method (ADVI)",0.228999999999985
2.8,158,"Naive Method (ADVI)",0.215000000000032
2.8,158,"Proposed Method (ADVI)",0.229999999999961
2.8,159,"Naive Method (ADVI)",0.217000000000041
2.8,159,"Proposed Method (ADVI)",0.228999999999985
2.8,160,"Naive Method (ADVI)",0.201999999999998
2.8,160,"Proposed Method (ADVI)",0.228999999999985
2.8,161,"Naive Method (ADVI)",0.213999999999999
2.8,161,"Proposed Method (ADVI)",0.230000000000018
2.8,162,"Naive Method (ADVI)",0.215000000000032
2.8,162,"Proposed Method (ADVI)",0.230999999999995
2.8,163,"Naive Method (ADVI)",0.201000000000022
2.8,163,"Proposed Method (ADVI)",0.230000000000018
2.8,164,"Naive Method (ADVI)",0.213999999999999
2.8,164,"Proposed Method (ADVI)",0.230000000000018
2.8,165,"Naive Method (ADVI)",0.198000000000036
2.8,165,"Proposed Method (ADVI)",0.229999999999961
2.8,166,"Naive Method (ADVI)",0.199999999999989
2.8,166,"Proposed Method (ADVI)",0.230000000000018
2.8,167,"Naive Method (ADVI)",0.215000000000032
2.8,167,"Proposed Method (ADVI)",0.228999999999985
2.8,168,"Naive Method (ADVI)",0.201999999999998
2.8,168,"Proposed Method (ADVI)",0.228000000000009
2.8,169,"Naive Method (ADVI)",0.213999999999999
2.8,169,"Proposed Method (ADVI)",0.229000000000042
2.8,170,"Naive Method (ADVI)",0.216000000000008
2.8,170,"Proposed Method (ADVI)",0.230000000000018
2.8,171,"Naive Method (ADVI)",0.213999999999999
2.8,171,"Proposed Method (ADVI)",0.229999999999961
2.8,172,"Naive Method (ADVI)",0.213999999999999
2.8,172,"Proposed Method (ADVI)",0.231999999999971
2.8,173,"Naive Method (ADVI)",0.216000000000008
2.8,173,"Proposed Method (ADVI)",0.230999999999995
2.8,174,"Naive Method (ADVI)",0.215000000000032
2.8,174,"Proposed Method (ADVI)",0.229999999999961
2.8,175,"Naive Method (ADVI)",0.216000000000008
2.8,175,"Proposed Method (ADVI)",0.228000000000009
2.8,176,"Naive Method (ADVI)",0.201000000000022
2.8,176,"Proposed Method (ADVI)",0.232000000000028
2.8,177,"Naive Method (ADVI)",0.216000000000008
2.8,177,"Proposed Method (ADVI)",0.230000000000018
2.8,178,"Naive Method (ADVI)",0.200999999999965
2.8,178,"Proposed Method (ADVI)",0.230999999999995
2.8,179,"Naive Method (ADVI)",0.214999999999975
2.8,179,"Proposed Method (ADVI)",0.230000000000018
2.8,180,"Naive Method (ADVI)",0.216000000000008
2.8,180,"Proposed Method (ADVI)",0.228999999999985
2.8,181,"Naive Method (ADVI)",0.213999999999999
2.8,181,"Proposed Method (ADVI)",0.228000000000009
2.8,182,"Naive Method (ADVI)",0.214999999999975
2.8,182,"Proposed Method (ADVI)",0.230999999999995
2.8,183,"Naive Method (ADVI)",0.216000000000008
2.8,183,"Proposed Method (ADVI)",0.227999999999952
2.8,184,"Naive Method (ADVI)",0.200999999999965
2.8,184,"Proposed Method (ADVI)",0.229999999999961
2.8,185,"Naive Method (ADVI)",0.199000000000012
2.8,185,"Proposed Method (ADVI)",0.230999999999995
2.8,186,"Naive Method (ADVI)",0.213999999999999
2.8,186,"Proposed Method (ADVI)",0.230999999999995
2.8,187,"Naive Method (ADVI)",0.213999999999999
2.8,187,"Proposed Method (ADVI)",0.229000000000042
2.8,188,"Naive Method (ADVI)",0.213999999999999
2.8,188,"Proposed Method (ADVI)",0.228999999999985
2.8,189,"Naive Method (ADVI)",0.213000000000022
2.8,189,"Proposed Method (ADVI)",0.229000000000042
2.8,190,"Naive Method (ADVI)",0.216999999999985
2.8,190,"Proposed Method (ADVI)",0.230999999999995
2.8,191,"Naive Method (ADVI)",0.213000000000022
2.8,191,"Proposed Method (ADVI)",0.228999999999985
2.8,192,"Naive Method (ADVI)",0.213999999999999
2.8,192,"Proposed Method (ADVI)",0.229000000000042
2.8,193,"Naive Method (ADVI)",0.213999999999999
2.8,193,"Proposed Method (ADVI)",0.228000000000009
2.8,194,"Naive Method (ADVI)",0.213999999999999
2.8,194,"Proposed Method (ADVI)",0.230000000000018
2.8,195,"Naive Method (ADVI)",0.214999999999975
2.8,195,"Proposed Method (ADVI)",0.230000000000018
2.8,196,"Naive Method (ADVI)",0.213999999999999
2.8,196,"Proposed Method (ADVI)",0.231999999999971
2.8,197,"Naive Method (ADVI)",0.216000000000008
2.8,197,"Proposed Method (ADVI)",0.228999999999985
2.8,198,"Naive Method (ADVI)",0.212999999999965
2.8,198,"Proposed Method (ADVI)",0.229999999999961
2.8,199,"Naive Method (ADVI)",0.213999999999999
2.8,199,"Proposed Method (ADVI)",0.230999999999995
2.8,200,"Naive Method (ADVI)",0.213000000000022
2.8,200,"Proposed Method (ADVI)",0.230999999999995
