"setting","kind","rep","missing"
"10 Missing Spots","ignorable",1,10
"10 Missing Spots","ignorable",2,10
"10 Missing Spots","ignorable",3,10
"10 Missing Spots","ignorable",4,10
"10 Missing Spots","ignorable",5,10
"10 Missing Spots","ignorable",6,10
"10 Missing Spots","ignorable",7,10
"10 Missing Spots","ignorable",8,10
"10 Missing Spots","ignorable",9,10
"10 Missing Spots","ignorable",10,10
"10 Missing Spots","ignorable",11,10
"10 Missing Spots","ignorable",12,10
"10 Missing Spots","ignorable",13,10
"10 Missing Spots","ignorable",14,10
"10 Missing Spots","ignorable",15,10
"10 Missing Spots","ignorable",16,10
"10 Missing Spots","ignorable",17,10
"10 Missing Spots","ignorable",18,10
"10 Missing Spots","ignorable",19,10
"10 Missing Spots","ignorable",20,10
"10 Missing Spots","ignorable",21,10
"10 Missing Spots","ignorable",22,10
"10 Missing Spots","ignorable",23,10
"10 Missing Spots","ignorable",24,10
"10 Missing Spots","ignorable",25,10
"10 Missing Spots","ignorable",26,10
"10 Missing Spots","ignorable",27,10
"10 Missing Spots","ignorable",28,10
"10 Missing Spots","ignorable",29,10
"10 Missing Spots","ignorable",30,10
"10 Missing Spots","ignorable",31,10
"10 Missing Spots","ignorable",32,10
"10 Missing Spots","ignorable",33,10
"10 Missing Spots","ignorable",34,10
"10 Missing Spots","ignorable",35,10
"10 Missing Spots","ignorable",36,10
"10 Missing Spots","ignorable",37,10
"10 Missing Spots","ignorable",38,10
"10 Missing Spots","ignorable",39,10
"10 Missing Spots","ignorable",40,10
"10 Missing Spots","ignorable",41,10
"10 Missing Spots","ignorable",42,10
"10 Missing Spots","ignorable",43,10
"10 Missing Spots","ignorable",44,10
"10 Missing Spots","ignorable",45,10
"10 Missing Spots","ignorable",46,10
"10 Missing Spots","ignorable",47,10
"10 Missing Spots","ignorable",48,10
"10 Missing Spots","ignorable",49,10
"10 Missing Spots","ignorable",50,10
"10 Missing Spots","ignorable",51,10
"10 Missing Spots","ignorable",52,10
"10 Missing Spots","ignorable",53,10
"10 Missing Spots","ignorable",54,10
"10 Missing Spots","ignorable",55,10
"10 Missing Spots","ignorable",56,10
"10 Missing Spots","ignorable",57,10
"10 Missing Spots","ignorable",58,10
"10 Missing Spots","ignorable",59,10
"10 Missing Spots","ignorable",60,10
"10 Missing Spots","ignorable",61,10
"10 Missing Spots","ignorable",62,10
"10 Missing Spots","ignorable",63,10
"10 Missing Spots","ignorable",64,10
"10 Missing Spots","ignorable",65,10
"10 Missing Spots","ignorable",66,10
"10 Missing Spots","ignorable",67,10
"10 Missing Spots","ignorable",68,10
"10 Missing Spots","ignorable",69,10
"10 Missing Spots","ignorable",70,10
"10 Missing Spots","ignorable",71,10
"10 Missing Spots","ignorable",72,10
"10 Missing Spots","ignorable",73,10
"10 Missing Spots","ignorable",74,10
"10 Missing Spots","ignorable",75,10
"10 Missing Spots","ignorable",76,10
"10 Missing Spots","ignorable",77,10
"10 Missing Spots","ignorable",78,10
"10 Missing Spots","ignorable",79,10
"10 Missing Spots","ignorable",80,10
"10 Missing Spots","ignorable",81,10
"10 Missing Spots","ignorable",82,10
"10 Missing Spots","ignorable",83,10
"10 Missing Spots","ignorable",84,10
"10 Missing Spots","ignorable",85,10
"10 Missing Spots","ignorable",86,10
"10 Missing Spots","ignorable",87,10
"10 Missing Spots","ignorable",88,10
"10 Missing Spots","ignorable",89,10
"10 Missing Spots","ignorable",90,10
"10 Missing Spots","ignorable",91,10
"10 Missing Spots","ignorable",92,10
"10 Missing Spots","ignorable",93,10
"10 Missing Spots","ignorable",94,10
"10 Missing Spots","ignorable",95,10
"10 Missing Spots","ignorable",96,10
"10 Missing Spots","ignorable",97,10
"10 Missing Spots","ignorable",98,10
"10 Missing Spots","ignorable",99,10
"10 Missing Spots","ignorable",100,10
"10 Missing Spots","ignorable",101,10
"10 Missing Spots","ignorable",102,10
"10 Missing Spots","ignorable",103,10
"10 Missing Spots","ignorable",104,10
"10 Missing Spots","ignorable",105,10
"10 Missing Spots","ignorable",106,10
"10 Missing Spots","ignorable",107,10
"10 Missing Spots","ignorable",108,10
"10 Missing Spots","ignorable",109,10
"10 Missing Spots","ignorable",110,10
"10 Missing Spots","ignorable",111,10
"10 Missing Spots","ignorable",112,10
"10 Missing Spots","ignorable",113,10
"10 Missing Spots","ignorable",114,10
"10 Missing Spots","ignorable",115,10
"10 Missing Spots","ignorable",116,10
"10 Missing Spots","ignorable",117,10
"10 Missing Spots","ignorable",118,10
"10 Missing Spots","ignorable",119,10
"10 Missing Spots","ignorable",120,10
"10 Missing Spots","ignorable",121,10
"10 Missing Spots","ignorable",122,10
"10 Missing Spots","ignorable",123,10
"10 Missing Spots","ignorable",124,10
"10 Missing Spots","ignorable",125,10
"10 Missing Spots","ignorable",126,10
"10 Missing Spots","ignorable",127,10
"10 Missing Spots","ignorable",128,10
"10 Missing Spots","ignorable",129,10
"10 Missing Spots","ignorable",130,10
"10 Missing Spots","ignorable",131,10
"10 Missing Spots","ignorable",132,10
"10 Missing Spots","ignorable",133,10
"10 Missing Spots","ignorable",134,10
"10 Missing Spots","ignorable",135,10
"10 Missing Spots","ignorable",136,10
"10 Missing Spots","ignorable",137,10
"10 Missing Spots","ignorable",138,10
"10 Missing Spots","ignorable",139,10
"10 Missing Spots","ignorable",140,10
"10 Missing Spots","ignorable",141,10
"10 Missing Spots","ignorable",142,10
"10 Missing Spots","ignorable",143,10
"10 Missing Spots","ignorable",144,10
"10 Missing Spots","ignorable",145,10
"10 Missing Spots","ignorable",146,10
"10 Missing Spots","ignorable",147,10
"10 Missing Spots","ignorable",148,10
"10 Missing Spots","ignorable",149,10
"10 Missing Spots","ignorable",150,10
"10 Missing Spots","ignorable",151,10
"10 Missing Spots","ignorable",152,10
"10 Missing Spots","ignorable",153,10
"10 Missing Spots","ignorable",154,10
"10 Missing Spots","ignorable",155,10
"10 Missing Spots","ignorable",156,10
"10 Missing Spots","ignorable",157,10
"10 Missing Spots","ignorable",158,10
"10 Missing Spots","ignorable",159,10
"10 Missing Spots","ignorable",160,10
"10 Missing Spots","ignorable",161,10
"10 Missing Spots","ignorable",162,10
"10 Missing Spots","ignorable",163,10
"10 Missing Spots","ignorable",164,10
"10 Missing Spots","ignorable",165,10
"10 Missing Spots","ignorable",166,10
"10 Missing Spots","ignorable",167,10
"10 Missing Spots","ignorable",168,10
"10 Missing Spots","ignorable",169,10
"10 Missing Spots","ignorable",170,10
"10 Missing Spots","ignorable",171,10
"10 Missing Spots","ignorable",172,10
"10 Missing Spots","ignorable",173,10
"10 Missing Spots","ignorable",174,10
"10 Missing Spots","ignorable",175,10
"10 Missing Spots","ignorable",176,10
"10 Missing Spots","ignorable",177,10
"10 Missing Spots","ignorable",178,10
"10 Missing Spots","ignorable",179,10
"10 Missing Spots","ignorable",180,10
"10 Missing Spots","ignorable",181,10
"10 Missing Spots","ignorable",182,10
"10 Missing Spots","ignorable",183,10
"10 Missing Spots","ignorable",184,10
"10 Missing Spots","ignorable",185,10
"10 Missing Spots","ignorable",186,10
"10 Missing Spots","ignorable",187,10
"10 Missing Spots","ignorable",188,10
"10 Missing Spots","ignorable",189,10
"10 Missing Spots","ignorable",190,10
"10 Missing Spots","ignorable",191,10
"10 Missing Spots","ignorable",192,10
"10 Missing Spots","ignorable",193,10
"10 Missing Spots","ignorable",194,10
"10 Missing Spots","ignorable",195,10
"10 Missing Spots","ignorable",196,10
"10 Missing Spots","ignorable",197,10
"10 Missing Spots","ignorable",198,10
"10 Missing Spots","ignorable",199,10
"10 Missing Spots","ignorable",200,10
"30 Missing Spots","ignorable",1,30
"30 Missing Spots","ignorable",2,30
"30 Missing Spots","ignorable",3,30
"30 Missing Spots","ignorable",4,30
"30 Missing Spots","ignorable",5,30
"30 Missing Spots","ignorable",6,30
"30 Missing Spots","ignorable",7,30
"30 Missing Spots","ignorable",8,30
"30 Missing Spots","ignorable",9,30
"30 Missing Spots","ignorable",10,30
"30 Missing Spots","ignorable",11,30
"30 Missing Spots","ignorable",12,30
"30 Missing Spots","ignorable",13,30
"30 Missing Spots","ignorable",14,30
"30 Missing Spots","ignorable",15,30
"30 Missing Spots","ignorable",16,30
"30 Missing Spots","ignorable",17,30
"30 Missing Spots","ignorable",18,30
"30 Missing Spots","ignorable",19,30
"30 Missing Spots","ignorable",20,30
"30 Missing Spots","ignorable",21,30
"30 Missing Spots","ignorable",22,30
"30 Missing Spots","ignorable",23,30
"30 Missing Spots","ignorable",24,30
"30 Missing Spots","ignorable",25,30
"30 Missing Spots","ignorable",26,30
"30 Missing Spots","ignorable",27,30
"30 Missing Spots","ignorable",28,30
"30 Missing Spots","ignorable",29,30
"30 Missing Spots","ignorable",30,30
"30 Missing Spots","ignorable",31,30
"30 Missing Spots","ignorable",32,30
"30 Missing Spots","ignorable",33,30
"30 Missing Spots","ignorable",34,30
"30 Missing Spots","ignorable",35,30
"30 Missing Spots","ignorable",36,30
"30 Missing Spots","ignorable",37,30
"30 Missing Spots","ignorable",38,30
"30 Missing Spots","ignorable",39,30
"30 Missing Spots","ignorable",40,30
"30 Missing Spots","ignorable",41,30
"30 Missing Spots","ignorable",42,30
"30 Missing Spots","ignorable",43,30
"30 Missing Spots","ignorable",44,30
"30 Missing Spots","ignorable",45,30
"30 Missing Spots","ignorable",46,30
"30 Missing Spots","ignorable",47,30
"30 Missing Spots","ignorable",48,30
"30 Missing Spots","ignorable",49,30
"30 Missing Spots","ignorable",50,30
"30 Missing Spots","ignorable",51,30
"30 Missing Spots","ignorable",52,30
"30 Missing Spots","ignorable",53,30
"30 Missing Spots","ignorable",54,30
"30 Missing Spots","ignorable",55,30
"30 Missing Spots","ignorable",56,30
"30 Missing Spots","ignorable",57,30
"30 Missing Spots","ignorable",58,30
"30 Missing Spots","ignorable",59,30
"30 Missing Spots","ignorable",60,30
"30 Missing Spots","ignorable",61,30
"30 Missing Spots","ignorable",62,30
"30 Missing Spots","ignorable",63,30
"30 Missing Spots","ignorable",64,30
"30 Missing Spots","ignorable",65,30
"30 Missing Spots","ignorable",66,30
"30 Missing Spots","ignorable",67,30
"30 Missing Spots","ignorable",68,30
"30 Missing Spots","ignorable",69,30
"30 Missing Spots","ignorable",70,30
"30 Missing Spots","ignorable",71,30
"30 Missing Spots","ignorable",72,30
"30 Missing Spots","ignorable",73,30
"30 Missing Spots","ignorable",74,30
"30 Missing Spots","ignorable",75,30
"30 Missing Spots","ignorable",76,30
"30 Missing Spots","ignorable",77,30
"30 Missing Spots","ignorable",78,30
"30 Missing Spots","ignorable",79,30
"30 Missing Spots","ignorable",80,30
"30 Missing Spots","ignorable",81,30
"30 Missing Spots","ignorable",82,30
"30 Missing Spots","ignorable",83,30
"30 Missing Spots","ignorable",84,30
"30 Missing Spots","ignorable",85,30
"30 Missing Spots","ignorable",86,30
"30 Missing Spots","ignorable",87,30
"30 Missing Spots","ignorable",88,30
"30 Missing Spots","ignorable",89,30
"30 Missing Spots","ignorable",90,30
"30 Missing Spots","ignorable",91,30
"30 Missing Spots","ignorable",92,30
"30 Missing Spots","ignorable",93,30
"30 Missing Spots","ignorable",94,30
"30 Missing Spots","ignorable",95,30
"30 Missing Spots","ignorable",96,30
"30 Missing Spots","ignorable",97,30
"30 Missing Spots","ignorable",98,30
"30 Missing Spots","ignorable",99,30
"30 Missing Spots","ignorable",100,30
"30 Missing Spots","ignorable",101,30
"30 Missing Spots","ignorable",102,30
"30 Missing Spots","ignorable",103,30
"30 Missing Spots","ignorable",104,30
"30 Missing Spots","ignorable",105,30
"30 Missing Spots","ignorable",106,30
"30 Missing Spots","ignorable",107,30
"30 Missing Spots","ignorable",108,30
"30 Missing Spots","ignorable",109,30
"30 Missing Spots","ignorable",110,30
"30 Missing Spots","ignorable",111,30
"30 Missing Spots","ignorable",112,30
"30 Missing Spots","ignorable",113,30
"30 Missing Spots","ignorable",114,30
"30 Missing Spots","ignorable",115,30
"30 Missing Spots","ignorable",116,30
"30 Missing Spots","ignorable",117,30
"30 Missing Spots","ignorable",118,30
"30 Missing Spots","ignorable",119,30
"30 Missing Spots","ignorable",120,30
"30 Missing Spots","ignorable",121,30
"30 Missing Spots","ignorable",122,30
"30 Missing Spots","ignorable",123,30
"30 Missing Spots","ignorable",124,30
"30 Missing Spots","ignorable",125,30
"30 Missing Spots","ignorable",126,30
"30 Missing Spots","ignorable",127,30
"30 Missing Spots","ignorable",128,30
"30 Missing Spots","ignorable",129,30
"30 Missing Spots","ignorable",130,30
"30 Missing Spots","ignorable",131,30
"30 Missing Spots","ignorable",132,30
"30 Missing Spots","ignorable",133,30
"30 Missing Spots","ignorable",134,30
"30 Missing Spots","ignorable",135,30
"30 Missing Spots","ignorable",136,30
"30 Missing Spots","ignorable",137,30
"30 Missing Spots","ignorable",138,30
"30 Missing Spots","ignorable",139,30
"30 Missing Spots","ignorable",140,30
"30 Missing Spots","ignorable",141,30
"30 Missing Spots","ignorable",142,30
"30 Missing Spots","ignorable",143,30
"30 Missing Spots","ignorable",144,30
"30 Missing Spots","ignorable",145,30
"30 Missing Spots","ignorable",146,30
"30 Missing Spots","ignorable",147,30
"30 Missing Spots","ignorable",148,30
"30 Missing Spots","ignorable",149,30
"30 Missing Spots","ignorable",150,30
"30 Missing Spots","ignorable",151,30
"30 Missing Spots","ignorable",152,30
"30 Missing Spots","ignorable",153,30
"30 Missing Spots","ignorable",154,30
"30 Missing Spots","ignorable",155,30
"30 Missing Spots","ignorable",156,30
"30 Missing Spots","ignorable",157,30
"30 Missing Spots","ignorable",158,30
"30 Missing Spots","ignorable",159,30
"30 Missing Spots","ignorable",160,30
"30 Missing Spots","ignorable",161,30
"30 Missing Spots","ignorable",162,30
"30 Missing Spots","ignorable",163,30
"30 Missing Spots","ignorable",164,30
"30 Missing Spots","ignorable",165,30
"30 Missing Spots","ignorable",166,30
"30 Missing Spots","ignorable",167,30
"30 Missing Spots","ignorable",168,30
"30 Missing Spots","ignorable",169,30
"30 Missing Spots","ignorable",170,30
"30 Missing Spots","ignorable",171,30
"30 Missing Spots","ignorable",172,30
"30 Missing Spots","ignorable",173,30
"30 Missing Spots","ignorable",174,30
"30 Missing Spots","ignorable",175,30
"30 Missing Spots","ignorable",176,30
"30 Missing Spots","ignorable",177,30
"30 Missing Spots","ignorable",178,30
"30 Missing Spots","ignorable",179,30
"30 Missing Spots","ignorable",180,30
"30 Missing Spots","ignorable",181,30
"30 Missing Spots","ignorable",182,30
"30 Missing Spots","ignorable",183,30
"30 Missing Spots","ignorable",184,30
"30 Missing Spots","ignorable",185,30
"30 Missing Spots","ignorable",186,30
"30 Missing Spots","ignorable",187,30
"30 Missing Spots","ignorable",188,30
"30 Missing Spots","ignorable",189,30
"30 Missing Spots","ignorable",190,30
"30 Missing Spots","ignorable",191,30
"30 Missing Spots","ignorable",192,30
"30 Missing Spots","ignorable",193,30
"30 Missing Spots","ignorable",194,30
"30 Missing Spots","ignorable",195,30
"30 Missing Spots","ignorable",196,30
"30 Missing Spots","ignorable",197,30
"30 Missing Spots","ignorable",198,30
"30 Missing Spots","ignorable",199,30
"30 Missing Spots","ignorable",200,30
"gamma=(-6,1,4)","nonignorable",1,5
"gamma=(-6,1,4)","nonignorable",2,9
"gamma=(-6,1,4)","nonignorable",3,3
"gamma=(-6,1,4)","nonignorable",4,5
"gamma=(-6,1,4)","nonignorable",5,6
"gamma=(-6,1,4)","nonignorable",6,5
"gamma=(-6,1,4)","nonignorable",7,5
"gamma=(-6,1,4)","nonignorable",8,6
"gamma=(-6,1,4)","nonignorable",9,1
"gamma=(-6,1,4)","nonignorable",10,6
"gamma=(-6,1,4)","nonignorable",11,4
"gamma=(-6,1,4)","nonignorable",12,4
"gamma=(-6,1,4)","nonignorable",13,5
"gamma=(-6,1,4)","nonignorable",14,3
"gamma=(-6,1,4)","nonignorable",15,3
"gamma=(-6,1,4)","nonignorable",16,2
"gamma=(-6,1,4)","nonignorable",17,3
"gamma=(-6,1,4)","nonignorable",18,7
"gamma=(-6,1,4)","nonignorable",19,1
"gamma=(-6,1,4)","nonignorable",20,5
"gamma=(-6,1,4)","nonignorable",21,5
"gamma=(-6,1,4)","nonignorable",22,7
"gamma=(-6,1,4)","nonignorable",23,0
"gamma=(-6,1,4)","nonignorable",24,6
"gamma=(-6,1,4)","nonignorable",25,5
"gamma=(-6,1,4)","nonignorable",26,3
"gamma=(-6,1,4)","nonignorable",27,9
"gamma=(-6,1,4)","nonignorable",28,5
"gamma=(-6,1,4)","nonignorable",29,3
"gamma=(-6,1,4)","nonignorable",30,5
"gamma=(-6,1,4)","nonignorable",31,3
"gamma=(-6,1,4)","nonignorable",32,4
"gamma=(-6,1,4)","nonignorable",33,6
"gamma=(-6,1,4)","nonignorable",34,10
"gamma=(-6,1,4)","nonignorable",35,1
"gamma=(-6,1,4)","nonignorable",36,9
"gamma=(-6,1,4)","nonignorable",37,4
"gamma=(-6,1,4)","nonignorable",38,4
"gamma=(-6,1,4)","nonignorable",39,5
"gamma=(-6,1,4)","nonignorable",40,2
"gamma=(-6,1,4)","nonignorable",41,2
"gamma=(-6,1,4)","nonignorable",42,4
"gamma=(-6,1,4)","nonignorable",43,3
"gamma=(-6,1,4)","nonignorable",44,3
"gamma=(-6,1,4)","nonignorable",45,6
"gamma=(-6,1,4)","nonignorable",46,5
"gamma=(-6,1,4)","nonignorable",47,7
"gamma=(-6,1,4)","nonignorable",48,2
"gamma=(-6,1,4)","nonignorable",49,2
"gamma=(-6,1,4)","nonignorable",50,2
"gamma=(-6,1,4)","nonignorable",51,3
"gamma=(-6,1,4)","nonignorable",52,5
"gamma=(-6,1,4)","nonignorable",53,3
"gamma=(-6,1,4)","nonignorable",54,4
"gamma=(-6,1,4)","nonignorable",55,4
"gamma=(-6,1,4)","nonignorable",56,0
"gamma=(-6,1,4)","nonignorable",57,9
"gamma=(-6,1,4)","nonignorable",58,5
"gamma=(-6,1,4)","nonignorable",59,6
"gamma=(-6,1,4)","nonignorable",60,5
"gamma=(-6,1,4)","nonignorable",61,2
"gamma=(-6,1,4)","nonignorable",62,4
"gamma=(-6,1,4)","nonignorable",63,6
"gamma=(-6,1,4)","nonignorable",64,2
"gamma=(-6,1,4)","nonignorable",65,6
"gamma=(-6,1,4)","nonignorable",66,2
"gamma=(-6,1,4)","nonignorable",67,6
"gamma=(-6,1,4)","nonignorable",68,7
"gamma=(-6,1,4)","nonignorable",69,2
"gamma=(-6,1,4)","nonignorable",70,1
"gamma=(-6,1,4)","nonignorable",71,1
"gamma=(-6,1,4)","nonignorable",72,6
"gamma=(-6,1,4)","nonignorable",73,3
"gamma=(-6,1,4)","nonignorable",74,6
"gamma=(-6,1,4)","nonignorable",75,2
"gamma=(-6,1,4)","nonignorable",76,1
"gamma=(-6,1,4)","nonignorable",77,7
"gamma=(-6,1,4)","nonignorable",78,4
"gamma=(-6,1,4)","nonignorable",79,5
"gamma=(-6,1,4)","nonignorable",80,1
"gamma=(-6,1,4)","nonignorable",81,5
"gamma=(-6,1,4)","nonignorable",82,7
"gamma=(-6,1,4)","nonignorable",83,5
"gamma=(-6,1,4)","nonignorable",84,4
"gamma=(-6,1,4)","nonignorable",85,4
"gamma=(-6,1,4)","nonignorable",86,7
"gamma=(-6,1,4)","nonignorable",87,2
"gamma=(-6,1,4)","nonignorable",88,4
"gamma=(-6,1,4)","nonignorable",89,8
"gamma=(-6,1,4)","nonignorable",90,4
"gamma=(-6,1,4)","nonignorable",91,1
"gamma=(-6,1,4)","nonignorable",92,8
"gamma=(-6,1,4)","nonignorable",93,4
"gamma=(-6,1,4)","nonignorable",94,2
"gamma=(-6,1,4)","nonignorable",95,2
"gamma=(-6,1,4)","nonignorable",96,1
"gamma=(-6,1,4)","nonignorable",97,4
"gamma=(-6,1,4)","nonignorable",98,3
"gamma=(-6,1,4)","nonignorable",99,4
"gamma=(-6,1,4)","nonignorable",100,7
"gamma=(-6,1,4)","nonignorable",101,2
"gamma=(-6,1,4)","nonignorable",102,4
"gamma=(-6,1,4)","nonignorable",103,7
"gamma=(-6,1,4)","nonignorable",104,6
"gamma=(-6,1,4)","nonignorable",105,5
"gamma=(-6,1,4)","nonignorable",106,2
"gamma=(-6,1,4)","nonignorable",107,6
"gamma=(-6,1,4)","nonignorable",108,4
"gamma=(-6,1,4)","nonignorable",109,5
"gamma=(-6,1,4)","nonignorable",110,3
"gamma=(-6,1,4)","nonignorable",111,11
"gamma=(-6,1,4)","nonignorable",112,5
"gamma=(-6,1,4)","nonignorable",113,4
"gamma=(-6,1,4)","nonignorable",114,1
"gamma=(-6,1,4)","nonignorable",115,4
"gamma=(-6,1,4)","nonignorable",116,3
"gamma=(-6,1,4)","nonignorable",117,3
"gamma=(-6,1,4)","nonignorable",118,5
"gamma=(-6,1,4)","nonignorable",119,4
"gamma=(-6,1,4)","nonignorable",120,5
"gamma=(-6,1,4)","nonignorable",121,1
"gamma=(-6,1,4)","nonignorable",122,4
"gamma=(-6,1,4)","nonignorable",123,1
"gamma=(-6,1,4)","nonignorable",124,3
"gamma=(-6,1,4)","nonignorable",125,3
"gamma=(-6,1,4)","nonignorable",126,2
"gamma=(-6,1,4)","nonignorable",127,2
"gamma=(-6,1,4)","nonignorable",128,5
"gamma=(-6,1,4)","nonignorable",129,6
"gamma=(-6,1,4)","nonignorable",130,6
"gamma=(-6,1,4)","nonignorable",131,3
"gamma=(-6,1,4)","nonignorable",132,0
"gamma=(-6,1,4)","nonignorable",133,4
"gamma=(-6,1,4)","nonignorable",134,5
"gamma=(-6,1,4)","nonignorable",135,8
"gamma=(-6,1,4)","nonignorable",136,4
"gamma=(-6,1,4)","nonignorable",137,8
"gamma=(-6,1,4)","nonignorable",138,2
"gamma=(-6,1,4)","nonignorable",139,4
"gamma=(-6,1,4)","nonignorable",140,2
"gamma=(-6,1,4)","nonignorable",141,6
"gamma=(-6,1,4)","nonignorable",142,2
"gamma=(-6,1,4)","nonignorable",143,3
"gamma=(-6,1,4)","nonignorable",144,2
"gamma=(-6,1,4)","nonignorable",145,1
"gamma=(-6,1,4)","nonignorable",146,0
"gamma=(-6,1,4)","nonignorable",147,6
"gamma=(-6,1,4)","nonignorable",148,4
"gamma=(-6,1,4)","nonignorable",149,2
"gamma=(-6,1,4)","nonignorable",150,5
"gamma=(-6,1,4)","nonignorable",151,6
"gamma=(-6,1,4)","nonignorable",152,3
"gamma=(-6,1,4)","nonignorable",153,5
"gamma=(-6,1,4)","nonignorable",154,5
"gamma=(-6,1,4)","nonignorable",155,5
"gamma=(-6,1,4)","nonignorable",156,1
"gamma=(-6,1,4)","nonignorable",157,3
"gamma=(-6,1,4)","nonignorable",158,4
"gamma=(-6,1,4)","nonignorable",159,2
"gamma=(-6,1,4)","nonignorable",160,7
"gamma=(-6,1,4)","nonignorable",161,8
"gamma=(-6,1,4)","nonignorable",162,3
"gamma=(-6,1,4)","nonignorable",163,4
"gamma=(-6,1,4)","nonignorable",164,1
"gamma=(-6,1,4)","nonignorable",165,8
"gamma=(-6,1,4)","nonignorable",166,5
"gamma=(-6,1,4)","nonignorable",167,4
"gamma=(-6,1,4)","nonignorable",168,5
"gamma=(-6,1,4)","nonignorable",169,4
"gamma=(-6,1,4)","nonignorable",170,3
"gamma=(-6,1,4)","nonignorable",171,3
"gamma=(-6,1,4)","nonignorable",172,3
"gamma=(-6,1,4)","nonignorable",173,5
"gamma=(-6,1,4)","nonignorable",174,3
"gamma=(-6,1,4)","nonignorable",175,3
"gamma=(-6,1,4)","nonignorable",176,3
"gamma=(-6,1,4)","nonignorable",177,1
"gamma=(-6,1,4)","nonignorable",178,5
"gamma=(-6,1,4)","nonignorable",179,6
"gamma=(-6,1,4)","nonignorable",180,9
"gamma=(-6,1,4)","nonignorable",181,3
"gamma=(-6,1,4)","nonignorable",182,4
"gamma=(-6,1,4)","nonignorable",183,6
"gamma=(-6,1,4)","nonignorable",184,1
"gamma=(-6,1,4)","nonignorable",185,6
"gamma=(-6,1,4)","nonignorable",186,2
"gamma=(-6,1,4)","nonignorable",187,6
"gamma=(-6,1,4)","nonignorable",188,6
"gamma=(-6,1,4)","nonignorable",189,4
"gamma=(-6,1,4)","nonignorable",190,2
"gamma=(-6,1,4)","nonignorable",191,4
"gamma=(-6,1,4)","nonignorable",192,5
"gamma=(-6,1,4)","nonignorable",193,5
"gamma=(-6,1,4)","nonignorable",194,9
"gamma=(-6,1,4)","nonignorable",195,3
"gamma=(-6,1,4)","nonignorable",196,9
"gamma=(-6,1,4)","nonignorable",197,7
"gamma=(-6,1,4)","nonignorable",198,4
"gamma=(-6,1,4)","nonignorable",199,1
"gamma=(-6,1,4)","nonignorable",200,3
"gamma=(-5,1,1.6)","nonignorable",1,12
"gamma=(-5,1,1.6)","nonignorable",2,16
"gamma=(-5,1,1.6)","nonignorable",3,13
"gamma=(-5,1,1.6)","nonignorable",4,7
"gamma=(-5,1,1.6)","nonignorable",5,12
"gamma=(-5,1,1.6)","nonignorable",6,15
"gamma=(-5,1,1.6)","nonignorable",7,5
"gamma=(-5,1,1.6)","nonignorable",8,11
"gamma=(-5,1,1.6)","nonignorable",9,8
"gamma=(-5,1,1.6)","nonignorable",10,12
"gamma=(-5,1,1.6)","nonignorable",11,13
"gamma=(-5,1,1.6)","nonignorable",12,9
"gamma=(-5,1,1.6)","nonignorable",13,11
"gamma=(-5,1,1.6)","nonignorable",14,17
"gamma=(-5,1,1.6)","nonignorable",15,6
"gamma=(-5,1,1.6)","nonignorable",16,12
"gamma=(-5,1,1.6)","nonignorable",17,13
"gamma=(-5,1,1.6)","nonignorable",18,10
"gamma=(-5,1,1.6)","nonignorable",19,14
"gamma=(-5,1,1.6)","nonignorable",20,13
"gamma=(-5,1,1.6)","nonignorable",21,15
"gamma=(-5,1,1.6)","nonignorable",22,19
"gamma=(-5,1,1.6)","nonignorable",23,7
"gamma=(-5,1,1.6)","nonignorable",24,13
"gamma=(-5,1,1.6)","nonignorable",25,14
"gamma=(-5,1,1.6)","nonignorable",26,6
"gamma=(-5,1,1.6)","nonignorable",27,14
"gamma=(-5,1,1.6)","nonignorable",28,15
"gamma=(-5,1,1.6)","nonignorable",29,6
"gamma=(-5,1,1.6)","nonignorable",30,12
"gamma=(-5,1,1.6)","nonignorable",31,5
"gamma=(-5,1,1.6)","nonignorable",32,11
"gamma=(-5,1,1.6)","nonignorable",33,14
"gamma=(-5,1,1.6)","nonignorable",34,10
"gamma=(-5,1,1.6)","nonignorable",35,10
"gamma=(-5,1,1.6)","nonignorable",36,12
"gamma=(-5,1,1.6)","nonignorable",37,11
"gamma=(-5,1,1.6)","nonignorable",38,17
"gamma=(-5,1,1.6)","nonignorable",39,8
"gamma=(-5,1,1.6)","nonignorable",40,9
"gamma=(-5,1,1.6)","nonignorable",41,14
"gamma=(-5,1,1.6)","nonignorable",42,9
"gamma=(-5,1,1.6)","nonignorable",43,6
"gamma=(-5,1,1.6)","nonignorable",44,12
"gamma=(-5,1,1.6)","nonignorable",45,15
"gamma=(-5,1,1.6)","nonignorable",46,15
"gamma=(-5,1,1.6)","nonignorable",47,9
"gamma=(-5,1,1.6)","nonignorable",48,12
"gamma=(-5,1,1.6)","nonignorable",49,14
"gamma=(-5,1,1.6)","nonignorable",50,11
"gamma=(-5,1,1.6)","nonignorable",51,14
"gamma=(-5,1,1.6)","nonignorable",52,9
"gamma=(-5,1,1.6)","nonignorable",53,13
"gamma=(-5,1,1.6)","nonignorable",54,6
"gamma=(-5,1,1.6)","nonignorable",55,15
"gamma=(-5,1,1.6)","nonignorable",56,8
"gamma=(-5,1,1.6)","nonignorable",57,7
"gamma=(-5,1,1.6)","nonignorable",58,11
"gamma=(-5,1,1.6)","nonignorable",59,16
"gamma=(-5,1,1.6)","nonignorable",60,9
"gamma=(-5,1,1.6)","nonignorable",61,15
"gamma=(-5,1,1.6)","nonignorable",62,13
"gamma=(-5,1,1.6)","nonignorable",63,14
"gamma=(-5,1,1.6)","nonignorable",64,6
"gamma=(-5,1,1.6)","nonignorable",65,11
"gamma=(-5,1,1.6)","nonignorable",66,15
"gamma=(-5,1,1.6)","nonignorable",67,13
"gamma=(-5,1,1.6)","nonignorable",68,9
"gamma=(-5,1,1.6)","nonignorable",69,8
"gamma=(-5,1,1.6)","nonignorable",70,7
"gamma=(-5,1,1.6)","nonignorable",71,17
"gamma=(-5,1,1.6)","nonignorable",72,15
"gamma=(-5,1,1.6)","nonignorable",73,11
"gamma=(-5,1,1.6)","nonignorable",74,12
"gamma=(-5,1,1.6)","nonignorable",75,12
"gamma=(-5,1,1.6)","nonignorable",76,11
"gamma=(-5,1,1.6)","nonignorable",77,15
"gamma=(-5,1,1.6)","nonignorable",78,14
"gamma=(-5,1,1.6)","nonignorable",79,9
"gamma=(-5,1,1.6)","nonignorable",80,15
"gamma=(-5,1,1.6)","nonignorable",81,13
"gamma=(-5,1,1.6)","nonignorable",82,12
"gamma=(-5,1,1.6)","nonignorable",83,15
"gamma=(-5,1,1.6)","nonignorable",84,17
"gamma=(-5,1,1.6)","nonignorable",85,9
"gamma=(-5,1,1.6)","nonignorable",86,11
"gamma=(-5,1,1.6)","nonignorable",87,18
"gamma=(-5,1,1.6)","nonignorable",88,10
"gamma=(-5,1,1.6)","nonignorable",89,13
"gamma=(-5,1,1.6)","nonignorable",90,11
"gamma=(-5,1,1.6)","nonignorable",91,15
"gamma=(-5,1,1.6)","nonignorable",92,9
"gamma=(-5,1,1.6)","nonignorable",93,13
"gamma=(-5,1,1.6)","nonignorable",94,11
"gamma=(-5,1,1.6)","nonignorable",95,15
"gamma=(-5,1,1.6)","nonignorable",96,11
"gamma=(-5,1,1.6)","nonignorable",97,7
"gamma=(-5,1,1.6)","nonignorable",98,7
"gamma=(-5,1,1.6)","nonignorable",99,10
"gamma=(-5,1,1.6)","nonignorable",100,16
"gamma=(-5,1,1.6)","nonignorable",101,18
"gamma=(-5,1,1.6)","nonignorable",102,13
"gamma=(-5,1,1.6)","nonignorable",103,11
"gamma=(-5,1,1.6)","nonignorable",104,13
"gamma=(-5,1,1.6)","nonignorable",105,15
"gamma=(-5,1,1.6)","nonignorable",106,9
"gamma=(-5,1,1.6)","nonignorable",107,11
"gamma=(-5,1,1.6)","nonignorable",108,13
"gamma=(-5,1,1.6)","nonignorable",109,8
"gamma=(-5,1,1.6)","nonignorable",110,11
"gamma=(-5,1,1.6)","nonignorable",111,7
"gamma=(-5,1,1.6)","nonignorable",112,12
"gamma=(-5,1,1.6)","nonignorable",113,9
"gamma=(-5,1,1.6)","nonignorable",114,12
"gamma=(-5,1,1.6)","nonignorable",115,10
"gamma=(-5,1,1.6)","nonignorable",116,7
"gamma=(-5,1,1.6)","nonignorable",117,11
"gamma=(-5,1,1.6)","nonignorable",118,10
"gamma=(-5,1,1.6)","nonignorable",119,6
"gamma=(-5,1,1.6)","nonignorable",120,14
"gamma=(-5,1,1.6)","nonignorable",121,13
"gamma=(-5,1,1.6)","nonignorable",122,11
"gamma=(-5,1,1.6)","nonignorable",123,9
"gamma=(-5,1,1.6)","nonignorable",124,12
"gamma=(-5,1,1.6)","nonignorable",125,14
"gamma=(-5,1,1.6)","nonignorable",126,15
"gamma=(-5,1,1.6)","nonignorable",127,14
"gamma=(-5,1,1.6)","nonignorable",128,9
"gamma=(-5,1,1.6)","nonignorable",129,14
"gamma=(-5,1,1.6)","nonignorable",130,12
"gamma=(-5,1,1.6)","nonignorable",131,17
"gamma=(-5,1,1.6)","nonignorable",132,11
"gamma=(-5,1,1.6)","nonignorable",133,16
"gamma=(-5,1,1.6)","nonignorable",134,10
"gamma=(-5,1,1.6)","nonignorable",135,13
"gamma=(-5,1,1.6)","nonignorable",136,11
"gamma=(-5,1,1.6)","nonignorable",137,12
"gamma=(-5,1,1.6)","nonignorable",138,13
"gamma=(-5,1,1.6)","nonignorable",139,17
"gamma=(-5,1,1.6)","nonignorable",140,15
"gamma=(-5,1,1.6)","nonignorable",141,18
"gamma=(-5,1,1.6)","nonignorable",142,8
"gamma=(-5,1,1.6)","nonignorable",143,5
"gamma=(-5,1,1.6)","nonignorable",144,12
"gamma=(-5,1,1.6)","nonignorable",145,12
"gamma=(-5,1,1.6)","nonignorable",146,15
"gamma=(-5,1,1.6)","nonignorable",147,12
"gamma=(-5,1,1.6)","nonignorable",148,7
"gamma=(-5,1,1.6)","nonignorable",149,10
"gamma=(-5,1,1.6)","nonignorable",150,14
"gamma=(-5,1,1.6)","nonignorable",151,12
"gamma=(-5,1,1.6)","nonignorable",152,13
"gamma=(-5,1,1.6)","nonignorable",153,11
"gamma=(-5,1,1.6)","nonignorable",154,18
"gamma=(-5,1,1.6)","nonignorable",155,8
"gamma=(-5,1,1.6)","nonignorable",156,14
"gamma=(-5,1,1.6)","nonignorable",157,7
"gamma=(-5,1,1.6)","nonignorable",158,12
"gamma=(-5,1,1.6)","nonignorable",159,10
"gamma=(-5,1,1.6)","nonignorable",160,14
"gamma=(-5,1,1.6)","nonignorable",161,8
"gamma=(-5,1,1.6)","nonignorable",162,12
"gamma=(-5,1,1.6)","nonignorable",163,16
"gamma=(-5,1,1.6)","nonignorable",164,15
"gamma=(-5,1,1.6)","nonignorable",165,9
"gamma=(-5,1,1.6)","nonignorable",166,20
"gamma=(-5,1,1.6)","nonignorable",167,9
"gamma=(-5,1,1.6)","nonignorable",168,12
"gamma=(-5,1,1.6)","nonignorable",169,11
"gamma=(-5,1,1.6)","nonignorable",170,12
"gamma=(-5,1,1.6)","nonignorable",171,7
"gamma=(-5,1,1.6)","nonignorable",172,8
"gamma=(-5,1,1.6)","nonignorable",173,17
"gamma=(-5,1,1.6)","nonignorable",174,9
"gamma=(-5,1,1.6)","nonignorable",175,16
"gamma=(-5,1,1.6)","nonignorable",176,14
"gamma=(-5,1,1.6)","nonignorable",177,14
"gamma=(-5,1,1.6)","nonignorable",178,18
"gamma=(-5,1,1.6)","nonignorable",179,16
"gamma=(-5,1,1.6)","nonignorable",180,16
"gamma=(-5,1,1.6)","nonignorable",181,9
"gamma=(-5,1,1.6)","nonignorable",182,7
"gamma=(-5,1,1.6)","nonignorable",183,16
"gamma=(-5,1,1.6)","nonignorable",184,12
"gamma=(-5,1,1.6)","nonignorable",185,10
"gamma=(-5,1,1.6)","nonignorable",186,15
"gamma=(-5,1,1.6)","nonignorable",187,2
"gamma=(-5,1,1.6)","nonignorable",188,9
"gamma=(-5,1,1.6)","nonignorable",189,14
"gamma=(-5,1,1.6)","nonignorable",190,10
"gamma=(-5,1,1.6)","nonignorable",191,15
"gamma=(-5,1,1.6)","nonignorable",192,11
"gamma=(-5,1,1.6)","nonignorable",193,18
"gamma=(-5,1,1.6)","nonignorable",194,13
"gamma=(-5,1,1.6)","nonignorable",195,11
"gamma=(-5,1,1.6)","nonignorable",196,15
"gamma=(-5,1,1.6)","nonignorable",197,15
"gamma=(-5,1,1.6)","nonignorable",198,15
"gamma=(-5,1,1.6)","nonignorable",199,11
"gamma=(-5,1,1.6)","nonignorable",200,15
