"table","group","metric","method","param","target","candidate","value","ratio","abs_log_error","parameter_class"
"C1-C3","Naive Method (ADVI)|0.4|beta1","SEE","Naive Method (ADVI)","beta1",0.019,"mean_abs_error_se_mean",0.01873,0.98559,0.01452,"beta"
"C1-C3","Naive Method (ADVI)|0.4|beta1","SEM","Naive Method (ADVI)","beta1",0.018,"mean_posterior_sd_se_mean",0.02459,1.36614,0.31199,"beta"
"C1-C3","Naive Method (ADVI)|0.4|beta2","SEE","Naive Method (ADVI)","beta2",0.025,"empirical_se_mean",0.08287,3.31496,1.19845,"beta"
"C1-C3","Naive Method (ADVI)|0.4|beta2","SEM","Naive Method (ADVI)","beta2",0.025,"mean_posterior_sd_se_mean",0.04009,1.60362,0.47227,"beta"
"C1-C3","Naive Method (ADVI)|0.4|beta3","SEE","Naive Method (ADVI)","beta3",0.038,"empirical_se_mean",0.0858,2.25781,0.81439,"beta"
"C1-C3","Naive Method (ADVI)|0.4|beta3","SEM","Naive Method (ADVI)","beta3",0.038,"mean_posterior_sd_se_mean",0.03823,1.00603,0.00601,"beta"
"C1-C3","Naive Method (ADVI)|0.4|beta4","SEE","Naive Method (ADVI)","beta4",0.059,"empirical_se_mean",0.08374,1.41936,0.35021,"beta"
"C1-C3","Naive Method (ADVI)|0.4|beta4","SEM","Naive Method (ADVI)","beta4",0.058,"rms_posterior_sd_se_mean",0.03945,0.68019,0.38538,"beta"
"C1-C3","Naive Method (ADVI)|0.4|beta5","SEE","Naive Method (ADVI)","beta5",0.064,"empirical_se_mean",0.1132,1.76879,0.57029,"beta"
"C1-C3","Naive Method (ADVI)|0.4|beta5","SEM","Naive Method (ADVI)","beta5",0.066,"sqrt_mean_posterior_variance_over_n",0.0474,0.71817,0.33105,"beta"
"C1-C3","Naive Method (ADVI)|1.6|beta1","SEE","Naive Method (ADVI)","beta1",0.016,"empirical_se_mean",0.01574,0.98353,0.01661,"beta"
"C1-C3","Naive Method (ADVI)|1.6|beta1","SEM","Naive Method (ADVI)","beta1",0.016,"mean_posterior_sd_se_mean",0.02367,1.4792,0.3915,"beta"
"C1-C3","Naive Method (ADVI)|1.6|beta2","SEE","Naive Method (ADVI)","beta2",0.025,"empirical_se_mean",0.07751,3.10024,1.13148,"beta"
"C1-C3","Naive Method (ADVI)|1.6|beta2","SEM","Naive Method (ADVI)","beta2",0.027,"mean_posterior_sd_se_mean",0.03816,1.41347,0.34605,"beta"
"C1-C3","Naive Method (ADVI)|1.6|beta3","SEE","Naive Method (ADVI)","beta3",0.034,"empirical_se_mean",0.07658,2.25246,0.81202,"beta"
"C1-C3","Naive Method (ADVI)|1.6|beta3","SEM","Naive Method (ADVI)","beta3",0.034,"mean_posterior_sd_se_mean",0.0364,1.07059,0.06821,"beta"
"C1-C3","Naive Method (ADVI)|1.6|beta4","SEE","Naive Method (ADVI)","beta4",0.067,"empirical_se_mean",0.07202,1.07491,0.07223,"beta"
"C1-C3","Naive Method (ADVI)|1.6|beta4","SEM","Naive Method (ADVI)","beta4",0.067,"sqrt_mean_posterior_variance_over_n",0.03826,0.57104,0.56029,"beta"
"C1-C3","Naive Method (ADVI)|1.6|beta5","SEE","Naive Method (ADVI)","beta5",0.069,"empirical_se_mean",0.09896,1.43421,0.36061,"beta"
"C1-C3","Naive Method (ADVI)|1.6|beta5","SEM","Naive Method (ADVI)","beta5",0.069,"sqrt_mean_posterior_variance_over_n",0.04548,0.65916,0.41679,"beta"
"C1-C3","Naive Method (ADVI)|2.8|beta1","SEE","Naive Method (ADVI)","beta1",0.017,"mean_abs_error_se_mean",0.02007,1.18053,0.16596,"beta"
"C1-C3","Naive Method (ADVI)|2.8|beta1","SEM","Naive Method (ADVI)","beta1",0.017,"mean_posterior_sd_se_mean",0.02406,1.41558,0.34754,"beta"
"C1-C3","Naive Method (ADVI)|2.8|beta2","SEE","Naive Method (ADVI)","beta2",0.027,"empirical_se_mean",0.06195,2.29463,0.83057,"beta"
"C1-C3","Naive Method (ADVI)|2.8|beta2","SEM","Naive Method (ADVI)","beta2",0.027,"mean_posterior_sd_se_mean",0.03938,1.4587,0.37754,"beta"
"C1-C3","Naive Method (ADVI)|2.8|beta3","SEE","Naive Method (ADVI)","beta3",0.038,"empirical_se_mean",0.05598,1.47306,0.38734,"beta"
"C1-C3","Naive Method (ADVI)|2.8|beta3","SEM","Naive Method (ADVI)","beta3",0.037,"mean_posterior_sd_se_mean",0.03682,0.99525,0.00476,"beta"
"C1-C3","Naive Method (ADVI)|2.8|beta4","SEE","Naive Method (ADVI)","beta4",0.063,"empirical_se_mean",0.04499,0.71409,0.33675,"beta"
"C1-C3","Naive Method (ADVI)|2.8|beta4","SEM","Naive Method (ADVI)","beta4",0.063,"sqrt_mean_posterior_variance_over_n",0.03802,0.60344,0.5051,"beta"
"C1-C3","Naive Method (ADVI)|2.8|beta5","SEE","Naive Method (ADVI)","beta5",0.072,"empirical_se_mean",0.06371,0.88487,0.12231,"beta"
"C1-C3","Naive Method (ADVI)|2.8|beta5","SEM","Naive Method (ADVI)","beta5",0.073,"sqrt_mean_posterior_variance_over_n",0.04538,0.62162,0.47542,"beta"
"C1-C3","Proposed Method (ADVI)|0.4|beta1","SEE","Proposed Method (ADVI)","beta1",0.055,"rmse_se_mean",0.01731,0.3148,1.15583,"beta"
"C1-C3","Proposed Method (ADVI)|0.4|beta1","SEM","Proposed Method (ADVI)","beta1",0.056,"mean_posterior_variance",0.03398,0.60673,0.49967,"beta"
"C1-C3","Proposed Method (ADVI)|0.4|beta2","SEE","Proposed Method (ADVI)","beta2",0.047,"rmse_se_mean",0.02571,0.54704,0.60324,"beta"
"C1-C3","Proposed Method (ADVI)|0.4|beta2","SEM","Proposed Method (ADVI)","beta2",0.047,"mean_posterior_variance",0.06051,1.28745,0.25266,"beta"
"C1-C3","Proposed Method (ADVI)|0.4|beta3","SEE","Proposed Method (ADVI)","beta3",0.065,"rmse_se_mean",0.03306,0.5086,0.67609,"beta"
"C1-C3","Proposed Method (ADVI)|0.4|beta3","SEM","Proposed Method (ADVI)","beta3",0.066,"mean_posterior_variance",0.10635,1.61134,0.47707,"beta"
"C1-C3","Proposed Method (ADVI)|0.4|beta4","SEE","Proposed Method (ADVI)","beta4",0.047,"rmse_se_mean",0.04328,0.92081,0.0825,"beta"
"C1-C3","Proposed Method (ADVI)|0.4|beta4","SEM","Proposed Method (ADVI)","beta4",0.047,"rms_posterior_sd_se_mean",0.02903,0.61763,0.48187,"beta"
"C1-C3","Proposed Method (ADVI)|0.4|beta5","SEE","Proposed Method (ADVI)","beta5",0.056,"rmse_se_mean",0.05495,0.9813,0.01888,"beta"
"C1-C3","Proposed Method (ADVI)|0.4|beta5","SEM","Proposed Method (ADVI)","beta5",0.057,"rms_posterior_sd_se_mean",0.03523,0.6181,0.48111,"beta"
"C1-C3","Proposed Method (ADVI)|0.4|eta","SEE","Proposed Method (ADVI)","eta",0.044,"rmse_se_mean",0.02181,0.49579,0.70161,"eta"
"C1-C3","Proposed Method (ADVI)|0.4|eta","SEM","Proposed Method (ADVI)","eta",0.044,"rms_posterior_sd_se_mean",0.02206,0.50133,0.69049,"eta"
"C1-C3","Proposed Method (ADVI)|1.6|beta1","SEE","Proposed Method (ADVI)","beta1",0.043,"rmse_se_mean",0.01643,0.38202,0.96228,"beta"
"C1-C3","Proposed Method (ADVI)|1.6|beta1","SEM","Proposed Method (ADVI)","beta1",0.043,"mean_posterior_variance",0.03399,0.79047,0.23513,"beta"
"C1-C3","Proposed Method (ADVI)|1.6|beta2","SEE","Proposed Method (ADVI)","beta2",0.032,"rmse_se_mean",0.02317,0.72398,0.32299,"beta"
"C1-C3","Proposed Method (ADVI)|1.6|beta2","SEM","Proposed Method (ADVI)","beta2",0.033,"mean_posterior_variance",0.05932,1.79771,0.58652,"beta"
"C1-C3","Proposed Method (ADVI)|1.6|beta3","SEE","Proposed Method (ADVI)","beta3",0.033,"rmse_se_mean",0.02974,0.90116,0.10407,"beta"
"C1-C3","Proposed Method (ADVI)|1.6|beta3","SEM","Proposed Method (ADVI)","beta3",0.034,"sqrt_mean_posterior_variance_over_n",0.02293,0.67455,0.39371,"beta"
"C1-C3","Proposed Method (ADVI)|1.6|beta4","SEE","Proposed Method (ADVI)","beta4",0.046,"rmse_se_mean",0.04137,0.89942,0.10601,"beta"
"C1-C3","Proposed Method (ADVI)|1.6|beta4","SEM","Proposed Method (ADVI)","beta4",0.047,"rms_posterior_sd_se_mean",0.02887,0.61415,0.48751,"beta"
"C1-C3","Proposed Method (ADVI)|1.6|beta5","SEE","Proposed Method (ADVI)","beta5",0.038,"mean_abs_error_se_mean",0.0432,1.13694,0.12834,"beta"
"C1-C3","Proposed Method (ADVI)|1.6|beta5","SEM","Proposed Method (ADVI)","beta5",0.039,"rms_posterior_sd_se_mean",0.03489,0.89457,0.11141,"beta"
"C1-C3","Proposed Method (ADVI)|1.6|eta","SEE","Proposed Method (ADVI)","eta",0.069,"rmse_se_mean",0.03103,0.44965,0.79928,"eta"
"C1-C3","Proposed Method (ADVI)|1.6|eta","SEM","Proposed Method (ADVI)","eta",0.07,"mean_posterior_variance",0.11842,1.69177,0.52577,"eta"
"C1-C3","Proposed Method (ADVI)|2.8|beta1","SEE","Proposed Method (ADVI)","beta1",0.055,"mean_abs_error",0.17851,3.24567,1.17732,"beta"
"C1-C3","Proposed Method (ADVI)|2.8|beta1","SEM","Proposed Method (ADVI)","beta1",0.056,"mean_posterior_variance",0.03435,0.61346,0.48864,"beta"
"C1-C3","Proposed Method (ADVI)|2.8|beta2","SEE","Proposed Method (ADVI)","beta2",0.047,"rmse_se_mean",0.0224,0.47651,0.74127,"beta"
"C1-C3","Proposed Method (ADVI)|2.8|beta2","SEM","Proposed Method (ADVI)","beta2",0.047,"mean_posterior_variance",0.06008,1.27824,0.24548,"beta"
"C1-C3","Proposed Method (ADVI)|2.8|beta3","SEE","Proposed Method (ADVI)","beta3",0.065,"rmse_se_mean",0.0316,0.48612,0.7213,"beta"
"C1-C3","Proposed Method (ADVI)|2.8|beta3","SEM","Proposed Method (ADVI)","beta3",0.066,"mean_posterior_variance",0.10623,1.60952,0.47593,"beta"
"C1-C3","Proposed Method (ADVI)|2.8|beta4","SEE","Proposed Method (ADVI)","beta4",0.047,"rmse_se_mean",0.03967,0.84409,0.1695,"beta"
"C1-C3","Proposed Method (ADVI)|2.8|beta4","SEM","Proposed Method (ADVI)","beta4",0.047,"sqrt_mean_posterior_variance_over_n",0.02884,0.61354,0.48852,"beta"
"C1-C3","Proposed Method (ADVI)|2.8|beta5","SEE","Proposed Method (ADVI)","beta5",0.056,"rmse_se_mean",0.05044,0.9007,0.10458,"beta"
"C1-C3","Proposed Method (ADVI)|2.8|beta5","SEM","Proposed Method (ADVI)","beta5",0.057,"rms_posterior_sd_se_mean",0.035,0.61411,0.48759,"beta"
"C1-C3","Proposed Method (ADVI)|2.8|eta","SEE","Proposed Method (ADVI)","eta",0.057,"rmse_se_mean",0.03775,0.66229,0.41205,"eta"
"C1-C3","Proposed Method (ADVI)|2.8|eta","SEM","Proposed Method (ADVI)","eta",0.056,"rms_posterior_sd_se_mean",0.02782,0.49674,0.69968,"eta"
"C4","Proposed Method (ADVI)|0.1|0.1|beta1","SEE","Proposed Method (ADVI)","beta1",0.046,"mean_abs_error",0.06001,1.30456,0.26587,"beta"
"C4","Proposed Method (ADVI)|0.1|0.1|beta1","SEM","Proposed Method (ADVI)","beta1",0.047,"mean_posterior_sd",0.0745,1.58511,0.46066,"beta"
"C4","Proposed Method (ADVI)|0.1|0.1|beta2","SEE","Proposed Method (ADVI)","beta2",0.032,"empirical_sd",0.09044,2.82631,1.03897,"beta"
"C4","Proposed Method (ADVI)|0.1|0.1|beta2","SEM","Proposed Method (ADVI)","beta2",0.032,"mean_posterior_variance",0.01185,0.37035,0.9933,"beta"
"C4","Proposed Method (ADVI)|0.1|0.1|beta3","SEE","Proposed Method (ADVI)","beta3",0.048,"empirical_sd",0.11995,2.49892,0.91586,"beta"
"C4","Proposed Method (ADVI)|0.1|0.1|beta3","SEM","Proposed Method (ADVI)","beta3",0.048,"mean_posterior_variance",0.0183,0.38127,0.96425,"beta"
"C4","Proposed Method (ADVI)|0.1|0.1|beta4","SEE","Proposed Method (ADVI)","beta4",0.057,"empirical_sd",0.15592,2.73545,1.0063,"beta"
"C4","Proposed Method (ADVI)|0.1|0.1|beta4","SEM","Proposed Method (ADVI)","beta4",0.059,"mean_posterior_variance",0.0263,0.44581,0.80787,"beta"
"C4","Proposed Method (ADVI)|0.1|0.1|beta5","SEE","Proposed Method (ADVI)","beta5",0.043,"rmse_se_mean",0.01921,0.44678,0.8057,"beta"
"C4","Proposed Method (ADVI)|0.1|0.1|beta5","SEM","Proposed Method (ADVI)","beta5",0.043,"mean_posterior_variance",0.04035,0.93844,0.06353,"beta"
"C4","Proposed Method (ADVI)|0.1|0.1|eta","SEE","Proposed Method (ADVI)","eta",0.025,"mean_abs_error_se_mean",0.02639,1.05568,0.05418,"eta"
"C4","Proposed Method (ADVI)|0.1|0.1|eta","SEM","Proposed Method (ADVI)","eta",0.025,"sqrt_mean_posterior_variance_over_n",0.02,0.79994,0.22322,"eta"
"C4","Proposed Method (ADVI)|0.1|0.4|beta1","SEE","Proposed Method (ADVI)","beta1",0.045,"mean_abs_error",0.05315,1.18107,0.16642,"beta"
"C4","Proposed Method (ADVI)|0.1|0.4|beta1","SEM","Proposed Method (ADVI)","beta1",0.043,"mean_posterior_sd",0.07395,1.71972,0.54216,"beta"
"C4","Proposed Method (ADVI)|0.1|0.4|beta2","SEE","Proposed Method (ADVI)","beta2",0.054,"empirical_sd",0.09039,1.6738,0.5151,"beta"
"C4","Proposed Method (ADVI)|0.1|0.4|beta2","SEM","Proposed Method (ADVI)","beta2",0.054,"mean_posterior_sd",0.10853,2.00974,0.698,"beta"
"C4","Proposed Method (ADVI)|0.1|0.4|beta3","SEE","Proposed Method (ADVI)","beta3",0.042,"empirical_sd",0.12201,2.90511,1.06647,"beta"
"C4","Proposed Method (ADVI)|0.1|0.4|beta3","SEM","Proposed Method (ADVI)","beta3",0.043,"mean_posterior_variance",0.01825,0.42445,0.85696,"beta"
"C4","Proposed Method (ADVI)|0.1|0.4|beta4","SEE","Proposed Method (ADVI)","beta4",0.076,"empirical_sd",0.15512,2.04099,0.71343,"beta"
"C4","Proposed Method (ADVI)|0.1|0.4|beta4","SEM","Proposed Method (ADVI)","beta4",0.074,"mean_posterior_sd",0.1616,2.18378,0.78106,"beta"
"C4","Proposed Method (ADVI)|0.1|0.4|beta5","SEE","Proposed Method (ADVI)","beta5",0.054,"rmse_se_mean",0.01966,0.36407,1.01041,"beta"
"C4","Proposed Method (ADVI)|0.1|0.4|beta5","SEM","Proposed Method (ADVI)","beta5",0.054,"mean_posterior_variance",0.04034,0.74707,0.2916,"beta"
"C4","Proposed Method (ADVI)|0.1|0.4|eta","SEE","Proposed Method (ADVI)","eta",0.031,"rmse_se_mean",0.03052,0.98465,0.01547,"eta"
"C4","Proposed Method (ADVI)|0.1|0.4|eta","SEM","Proposed Method (ADVI)","eta",0.031,"sqrt_mean_posterior_variance_over_n",0.0202,0.65169,0.42819,"eta"
"C4","Proposed Method (ADVI)|0.4|0.1|beta1","SEE","Proposed Method (ADVI)","beta1",0.034,"mean_abs_error",0.06042,1.77705,0.57495,"beta"
"C4","Proposed Method (ADVI)|0.4|0.1|beta1","SEM","Proposed Method (ADVI)","beta1",0.034,"mean_posterior_sd",0.07415,2.18081,0.7797,"beta"
"C4","Proposed Method (ADVI)|0.4|0.1|beta2","SEE","Proposed Method (ADVI)","beta2",0.045,"mean_abs_error",0.08609,1.913,0.64867,"beta"
"C4","Proposed Method (ADVI)|0.4|0.1|beta2","SEM","Proposed Method (ADVI)","beta2",0.045,"mean_posterior_sd",0.10677,2.37262,0.864,"beta"
"C4","Proposed Method (ADVI)|0.4|0.1|beta3","SEE","Proposed Method (ADVI)","beta3",0.046,"mean_abs_error",0.11601,2.52206,0.92508,"beta"
"C4","Proposed Method (ADVI)|0.4|0.1|beta3","SEM","Proposed Method (ADVI)","beta3",0.045,"mean_posterior_variance",0.01779,0.39527,0.92818,"beta"
"C4","Proposed Method (ADVI)|0.4|0.1|beta4","SEE","Proposed Method (ADVI)","beta4",0.057,"mean_abs_error",0.1575,2.76311,1.01636,"beta"
"C4","Proposed Method (ADVI)|0.4|0.1|beta4","SEM","Proposed Method (ADVI)","beta4",0.054,"mean_posterior_variance",0.02492,0.46155,0.77317,"beta"
"C4","Proposed Method (ADVI)|0.4|0.1|beta5","SEE","Proposed Method (ADVI)","beta5",0.063,"mean_abs_error",0.19294,3.06251,1.11923,"beta"
"C4","Proposed Method (ADVI)|0.4|0.1|beta5","SEM","Proposed Method (ADVI)","beta5",0.063,"mean_posterior_variance",0.03859,0.61248,0.49024,"beta"
"C4","Proposed Method (ADVI)|0.4|0.1|eta","SEE","Proposed Method (ADVI)","eta",0.022,"mean_abs_error_se_mean",0.02357,1.07123,0.06881,"eta"
"C4","Proposed Method (ADVI)|0.4|0.1|eta","SEM","Proposed Method (ADVI)","eta",0.022,"sqrt_mean_posterior_variance_over_n",0.017,0.7727,0.25786,"eta"
"C4","Proposed Method (ADVI)|0.4|0.4|beta1","SEE","Proposed Method (ADVI)","beta1",0.032,"mean_abs_error",0.05545,1.7327,0.54968,"beta"
"C4","Proposed Method (ADVI)|0.4|0.4|beta1","SEM","Proposed Method (ADVI)","beta1",0.033,"mean_posterior_sd",0.07445,2.25596,0.81358,"beta"
"C4","Proposed Method (ADVI)|0.4|0.4|beta2","SEE","Proposed Method (ADVI)","beta2",0.059,"mean_abs_error",0.08554,1.44985,0.37146,"beta"
"C4","Proposed Method (ADVI)|0.4|0.4|beta2","SEM","Proposed Method (ADVI)","beta2",0.059,"mean_posterior_sd",0.10645,1.80423,0.59014,"beta"
"C4","Proposed Method (ADVI)|0.4|0.4|beta3","SEE","Proposed Method (ADVI)","beta3",0.048,"mean_abs_error",0.10503,2.18823,0.78309,"beta"
"C4","Proposed Method (ADVI)|0.4|0.4|beta3","SEM","Proposed Method (ADVI)","beta3",0.047,"mean_posterior_variance",0.01773,0.37719,0.97501,"beta"
"C4","Proposed Method (ADVI)|0.4|0.4|beta4","SEE","Proposed Method (ADVI)","beta4",0.049,"mean_abs_error",0.1445,2.94898,1.08146,"beta"
"C4","Proposed Method (ADVI)|0.4|0.4|beta4","SEM","Proposed Method (ADVI)","beta4",0.045,"mean_posterior_variance",0.02491,0.55356,0.59139,"beta"
"C4","Proposed Method (ADVI)|0.4|0.4|beta5","SEE","Proposed Method (ADVI)","beta5",0.063,"mean_abs_error",0.17078,2.71074,0.99722,"beta"
"C4","Proposed Method (ADVI)|0.4|0.4|beta5","SEM","Proposed Method (ADVI)","beta5",0.059,"mean_posterior_variance",0.03841,0.65096,0.42931,"beta"
"C4","Proposed Method (ADVI)|0.4|0.4|eta","SEE","Proposed Method (ADVI)","eta",0.029,"empirical_se_mean",0.02858,0.98557,0.01453,"eta"
"C4","Proposed Method (ADVI)|0.4|0.4|eta","SEM","Proposed Method (ADVI)","eta",0.026,"sqrt_mean_posterior_variance_over_n",0.01742,0.6701,0.40032,"eta"
"C5-C6","Missing first-pass (ADVI)|10 Missing Spots|beta1","SEE","Missing first-pass (ADVI)","beta1",0.043,"rmse_se_mean",0.01521,0.35369,1.03932,"beta"
"C5-C6","Missing first-pass (ADVI)|10 Missing Spots|beta1","SEM","Missing first-pass (ADVI)","beta1",0.043,"mean_posterior_variance",0.03389,0.78823,0.23797,"beta"
"C5-C6","Missing first-pass (ADVI)|10 Missing Spots|beta2","SEE","Missing first-pass (ADVI)","beta2",0.056,"rmse_se_mean",0.02287,0.40835,0.89563,"beta"
"C5-C6","Missing first-pass (ADVI)|10 Missing Spots|beta2","SEM","Missing first-pass (ADVI)","beta2",0.057,"mean_posterior_variance",0.05927,1.0399,0.03913,"beta"
"C5-C6","Missing first-pass (ADVI)|10 Missing Spots|beta3","SEE","Missing first-pass (ADVI)","beta3",0.048,"rmse_se_mean",0.03088,0.64333,0.4411,"beta"
"C5-C6","Missing first-pass (ADVI)|10 Missing Spots|beta3","SEM","Missing first-pass (ADVI)","beta3",0.048,"sqrt_mean_posterior_variance_over_n",0.023,0.47921,0.73562,"beta"
"C5-C6","Missing first-pass (ADVI)|10 Missing Spots|beta4","SEE","Missing first-pass (ADVI)","beta4",0.039,"mean_abs_error_se_mean",0.03647,0.93507,0.06714,"beta"
"C5-C6","Missing first-pass (ADVI)|10 Missing Spots|beta4","SEM","Missing first-pass (ADVI)","beta4",0.039,"sqrt_mean_posterior_variance_over_n",0.02905,0.74493,0.29447,"beta"
"C5-C6","Missing first-pass (ADVI)|10 Missing Spots|beta5","SEE","Missing first-pass (ADVI)","beta5",0.055,"rmse_se_mean",0.04977,0.90496,0.09987,"beta"
"C5-C6","Missing first-pass (ADVI)|10 Missing Spots|beta5","SEM","Missing first-pass (ADVI)","beta5",0.056,"sqrt_mean_posterior_variance_over_n",0.03491,0.62341,0.47255,"beta"
"C5-C6","Missing first-pass (ADVI)|10 Missing Spots|eta","SEE","Missing first-pass (ADVI)","eta",0.011,"empirical_se_mean",0.02116,1.92384,0.65432,"eta"
"C5-C6","Missing first-pass (ADVI)|10 Missing Spots|eta","SEM","Missing first-pass (ADVI)","eta",0.012,"mean_posterior_sd_se_mean",0.02448,2.0403,0.7131,"eta"
"C5-C6","Missing first-pass (ADVI)|30 Missing Spots|beta1","SEE","Missing first-pass (ADVI)","beta1",0.028,"rmse_se_mean",0.01835,0.6555,0.42235,"beta"
"C5-C6","Missing first-pass (ADVI)|30 Missing Spots|beta1","SEM","Missing first-pass (ADVI)","beta1",0.028,"mean_posterior_variance",0.03599,1.28525,0.25095,"beta"
"C5-C6","Missing first-pass (ADVI)|30 Missing Spots|beta2","SEE","Missing first-pass (ADVI)","beta2",0.028,"rmse_se_mean",0.02528,0.90292,0.10212,"beta"
"C5-C6","Missing first-pass (ADVI)|30 Missing Spots|beta2","SEM","Missing first-pass (ADVI)","beta2",0.029,"sqrt_mean_posterior_variance_over_n",0.01761,0.60719,0.49891,"beta"
"C5-C6","Missing first-pass (ADVI)|30 Missing Spots|beta3","SEE","Missing first-pass (ADVI)","beta3",0.038,"rmse_se_mean",0.03347,0.88091,0.1268,"beta"
"C5-C6","Missing first-pass (ADVI)|30 Missing Spots|beta3","SEM","Missing first-pass (ADVI)","beta3",0.038,"rms_posterior_sd_se_mean",0.02362,0.62145,0.4757,"beta"
"C5-C6","Missing first-pass (ADVI)|30 Missing Spots|beta4","SEE","Missing first-pass (ADVI)","beta4",0.048,"rmse_se_mean",0.04736,0.98677,0.01332,"beta"
"C5-C6","Missing first-pass (ADVI)|30 Missing Spots|beta4","SEM","Missing first-pass (ADVI)","beta4",0.047,"rms_posterior_sd_se_mean",0.02973,0.63249,0.45808,"beta"
"C5-C6","Missing first-pass (ADVI)|30 Missing Spots|beta5","SEE","Missing first-pass (ADVI)","beta5",0.047,"mean_abs_error_se_mean",0.04949,1.05293,0.05158,"beta"
"C5-C6","Missing first-pass (ADVI)|30 Missing Spots|beta5","SEM","Missing first-pass (ADVI)","beta5",0.047,"sqrt_mean_posterior_variance_over_n",0.03586,0.76287,0.27066,"beta"
"C5-C6","Missing first-pass (ADVI)|30 Missing Spots|eta","SEE","Missing first-pass (ADVI)","eta",0.029,"rmse_se_mean",0.03048,1.05094,0.04968,"eta"
"C5-C6","Missing first-pass (ADVI)|30 Missing Spots|eta","SEM","Missing first-pass (ADVI)","eta",0.029,"sqrt_mean_posterior_variance_over_n",0.02504,0.8635,0.14676,"eta"
"C5-C6","Missing first-pass (ADVI)|gamma=(-5,1,1.6)|beta1","SEE","Missing first-pass (ADVI)","beta1",0.046,"rmse_se_mean",0.01527,0.3319,1.10292,"beta"
"C5-C6","Missing first-pass (ADVI)|gamma=(-5,1,1.6)|beta1","SEM","Missing first-pass (ADVI)","beta1",0.045,"mean_posterior_variance",0.03406,0.75682,0.27863,"beta"
"C5-C6","Missing first-pass (ADVI)|gamma=(-5,1,1.6)|beta2","SEE","Missing first-pass (ADVI)","beta2",0.048,"rmse_se_mean",0.02376,0.49492,0.70336,"beta"
"C5-C6","Missing first-pass (ADVI)|gamma=(-5,1,1.6)|beta2","SEM","Missing first-pass (ADVI)","beta2",0.047,"mean_posterior_variance",0.06004,1.27742,0.24484,"beta"
"C5-C6","Missing first-pass (ADVI)|gamma=(-5,1,1.6)|beta3","SEE","Missing first-pass (ADVI)","beta3",0.053,"rmse_se_mean",0.03032,0.572,0.55862,"beta"
"C5-C6","Missing first-pass (ADVI)|gamma=(-5,1,1.6)|beta3","SEM","Missing first-pass (ADVI)","beta3",0.053,"mean_posterior_variance",0.10546,1.98982,0.68805,"beta"
"C5-C6","Missing first-pass (ADVI)|gamma=(-5,1,1.6)|beta4","SEE","Missing first-pass (ADVI)","beta4",0.042,"rmse_se_mean",0.04146,0.98718,0.01291,"beta"
"C5-C6","Missing first-pass (ADVI)|gamma=(-5,1,1.6)|beta4","SEM","Missing first-pass (ADVI)","beta4",0.045,"sqrt_mean_posterior_variance_over_n",0.02893,0.64282,0.44189,"beta"
"C5-C6","Missing first-pass (ADVI)|gamma=(-5,1,1.6)|beta5","SEE","Missing first-pass (ADVI)","beta5",0.055,"rmse_se_mean",0.05026,0.91375,0.0902,"beta"
"C5-C6","Missing first-pass (ADVI)|gamma=(-5,1,1.6)|beta5","SEM","Missing first-pass (ADVI)","beta5",0.055,"rms_posterior_sd_se_mean",0.03502,0.63668,0.45149,"beta"
"C5-C6","Missing first-pass (ADVI)|gamma=(-5,1,1.6)|eta","SEE","Missing first-pass (ADVI)","eta",0.055,"rmse_se_mean",0.02739,0.49808,0.69699,"eta"
"C5-C6","Missing first-pass (ADVI)|gamma=(-5,1,1.6)|eta","SEM","Missing first-pass (ADVI)","eta",0.055,"mean_posterior_variance",0.1195,2.17272,0.77598,"eta"
"C5-C6","Missing first-pass (ADVI)|gamma=(-6,1,4)|beta1","SEE","Missing first-pass (ADVI)","beta1",0.041,"rmse_se_mean",0.01738,0.42392,0.85821,"beta"
"C5-C6","Missing first-pass (ADVI)|gamma=(-6,1,4)|beta1","SEM","Missing first-pass (ADVI)","beta1",0.041,"mean_posterior_variance",0.03426,0.83557,0.17964,"beta"
"C5-C6","Missing first-pass (ADVI)|gamma=(-6,1,4)|beta2","SEE","Missing first-pass (ADVI)","beta2",0.037,"rmse_se_mean",0.02399,0.64851,0.43308,"beta"
"C5-C6","Missing first-pass (ADVI)|gamma=(-6,1,4)|beta2","SEM","Missing first-pass (ADVI)","beta2",0.037,"mean_posterior_variance",0.05906,1.59619,0.46762,"beta"
"C5-C6","Missing first-pass (ADVI)|gamma=(-6,1,4)|beta3","SEE","Missing first-pass (ADVI)","beta3",0.048,"rmse_se_mean",0.03189,0.66435,0.40895,"beta"
"C5-C6","Missing first-pass (ADVI)|gamma=(-6,1,4)|beta3","SEM","Missing first-pass (ADVI)","beta3",0.048,"rms_posterior_sd_se_mean",0.02293,0.47773,0.7387,"beta"
"C5-C6","Missing first-pass (ADVI)|gamma=(-6,1,4)|beta4","SEE","Missing first-pass (ADVI)","beta4",0.05,"rmse_se_mean",0.04227,0.84548,0.16785,"beta"
"C5-C6","Missing first-pass (ADVI)|gamma=(-6,1,4)|beta4","SEM","Missing first-pass (ADVI)","beta4",0.051,"sqrt_mean_posterior_variance_over_n",0.0289,0.56675,0.56784,"beta"
"C5-C6","Missing first-pass (ADVI)|gamma=(-6,1,4)|beta5","SEE","Missing first-pass (ADVI)","beta5",0.059,"rmse_se_mean",0.05342,0.90534,0.09944,"beta"
"C5-C6","Missing first-pass (ADVI)|gamma=(-6,1,4)|beta5","SEM","Missing first-pass (ADVI)","beta5",0.056,"sqrt_mean_posterior_variance_over_n",0.03502,0.62535,0.46944,"beta"
"C5-C6","Missing first-pass (ADVI)|gamma=(-6,1,4)|eta","SEE","Missing first-pass (ADVI)","eta",0.052,"rmse_se_mean",0.02897,0.55708,0.58504,"eta"
"C5-C6","Missing first-pass (ADVI)|gamma=(-6,1,4)|eta","SEM","Missing first-pass (ADVI)","eta",0.052,"rms_posterior_sd_se_mean",0.0244,0.46917,0.75679,"eta"
